6.779889264,6.307311595,9.001892479,5.938351069,10,6.770493582,10,6.811114631,7.37322996,7.892097427,9.427512074,7.58572853,7.360613747,9.588612734,9.029586876,8.93570367,10,10,9.081869225,3.700702662,6.314170871,6.207370584,7.277507557,6.29778613,6.838780588,1,5.019582255,1,1,9.22050672,5.504012654,8.123267995,1.993000745,7.885722031,5.647578393,7.90538542,7.287472675,8.3099851,7.615256211,8.250377046,6.605490997,5.780608343,9.209437008,7.974226286,1.272460425,3.60333422,6.665329145,1.586594725,3.401054275,1,1,1,1.142246935,1,1.003833913,1,1,1,4.346962205,1.004623422,5.005196824,1,1.388708904,1,1.58640233,1,2.377322923,1,2.373697992,1,1.00362906,2.920539022,2.885531748,1.863673647,1,1.074163824,1.045202541,1,1.177437865,2.810711532,1.347963063,2.422846285,2.807474907,1.33746542,1,1,2.275280553,1.132980909,1.376576467,1.056374636,1.006283262,1,1,1,1.00053211,1,1,1,1,1,1,1.296487278,1,1.010396439,1,1,1.079165423,1.10573713,1.236549247,1.257960104,1,1,1,1,1.001307209,1,1,1,1.42975701,1,1,1.176266043,1,1,1,1,1.019506796,2.512065309,6.001175586,1.026500283,1.514822785,5.76794083,4.322648386,1.697024829,1,1.454831984,4.301362032,7.29725839,5.500187704,5.878313428,4.093018485,2.191810953,3.814759024,1.698244449,10,3.647090797
1.636928343,1.029080619,1.461037916,1.038512152,5.763957766,1.615032715,2.661469165,2.125787856,1.663282603,4.13649865,5.526250693,4.068022924,2.590773257,7.474315592,2.308759178,6.066176109,3.18028366,3.927463435,3.900469724,1.002202235,4.779540974,2.356467797,3.625586938,1.528398734,2.616605833,1.000509461,2.318472513,1,1,2.900227439,1.30588096,4.994234746,1,2.614545184,1.065764476,2.943202631,2.121432563,2.007916865,1.954936414,1.954520069,2.306980425,1.229005527,2.919753958,2.321699304,1,2.370623441,2.065179948,1.598868603,1.653000024,1.011619112,1,1,1.170008869,1,1.454234245,1,1.198886684,1.009577944,2.66983814,1.009357199,3.101976141,1,1.86857758,1.001589814,1.825639311,1,1.949188249,1,1.200816323,1,1.00362906,2.051626259,2.067125916,1.807861413,1,1.177034569,1.045202541,1,1.030333538,2.192865515,1,1.002442981,1,1.019307046,1,1,1.016472622,1.108814432,1,1,1,1,1,1,1,1,1,1,1,1,1,1,1,1,1,1,1.081670626,1.083103604,1.069293508,1,1,1.003218271,1,1,1,1,1,1,1,1,1,1.211922811,1,1,1,1.312480729,1.164207764,1.811694265,1.433060573,1.194460032,1.628410815,2.369454375,5.046712291,1.000474159,1,1.398226566,1.004330829,5.163524896,1.181965831,5.50441567,1.002121201,1,1.610836813,1.266153207,6.877876404,3.396295691
1.584446225,1.001962494,1.401739385,1.056068529,3.615150116,1.101239415,1.252941495,1.416647129,1.24056972,2.997658551,2.430664267,3.327096378,1.270064984,4.474466525,1.377914148,3.50983308,2.282015747,2.289877168,1.246013358,1,4.414690116,2.607538592,2.294448528,1.427104018,1.87284217,1,5.116254858,1,1,1.85188567,1.067697526,2.986449316,1,1.48336476,1.014243051,2.755031685,1.728722453,2.012055622,1.470932645,1.714599178,1.425994197,1.295840568,4.02765002,1.506136918,1,5.5,5.186318155,2.532599787,2.054321494,1,1,1,1.115707626,1,1.394639379,1,1,1,1.088851343,1,1,1,1.002593935,1,1,1,1,1,1.191668949,1.206714753,1.00362906,2.977115097,2.067125916,1.22469568,1.200540432,1.113176254,1.067465136,1,1.025134503,2.429527995,1,1.395187687,1,1,1,1,1,1,1,1.473349823,1.326872731,2.636063769,1.01570031,1.012463686,1.072526069,1,1.001910412,1,1,1.161502504,1,1.242851568,1.001059597,1.32172952,1.109657373,1.357792132,1,1.234093727,1.03904383,1.11626492,1,2.844680364,1.07130973,1.271449204,1.030386777,1.097651433,1.364262971,1.427950038,1.443138503,2.988362383,2.100672884,3.71609169,1.278650721,2.145301032,1.323890539,2.235794639,2.198094595,2.491711487,1.428338738,1,1.377905102,3.924200328,5.565386144,2.165503793,1.207969848,1.14853721,5.090530406,6.530154568,4.646560324,5.028196387,3.183304309,1.023694636,1.472634964,4.945215686,5.655680221,3.147997474
7.781328284,6.504362404,7.958906796,7.484490696,8.390550309,6.03572417,6.478928974,6.147451459,8.409256913,7.123275865,9.758443452,8.640884865,6.62409353,7.878416658,6.264447979,8.673131791,9.296954505,8.240896477,6.147742985,3.537259973,9.993131349,9.829972704,7.331206123,9.971503073,9.951370046,1,1.627470459,1,1,7.346785664,10,9.786090452,2.007556999,10,7.615415334,9.528444624,8.645787756,6.366329478,8.407161751,7.384776599,8.138677094,6.154695895,9.623422882,7.098403372,1.697617341,2.417046864,2.288083097,1.610164902,1.485049118,1.048921153,1.041786237,1,3.170772583,1.005067609,2.141416416,1,1.027454539,1.081618633,1.400522465,1,1.036071314,1,1.144333694,1,1,1,1.732369431,1,1.834049284,1,1.00362906,1.511215378,2.0725792,1.184703621,1.165088696,1.302442936,1.059787487,1,1.025134503,1.601093686,1,1,1.457110636,1,1,1,1,1.028031208,1,1.211864064,1.40829017,1.230578158,1,1.056666165,1,1,1,1.195965476,1.896114801,2.327553415,1.735109085,1.358758769,1.14729955,4.522599481,2.136103913,2.991639431,1,1.01883486,1.415009698,3.431379024,1.826173074,4.446330753,3.59509845,1.36198672,2.714992132,2.838726407,1,2.884758674,4.792065801,1.999682015,3.77866589,4.84266608,1.682217623,3.482483578,2.523191989,1.319429143,1.559397839,1,8.363746037,1.139504681,2.496979439,5.591785557,7.076573516,3.544663345,1,1.454727712,1.531081014,6.880022416,1.138261671,1.226268915,1.204619904,1.007486129,1.319903547,2.358397687,2.70177823,1.09509862
6.988923537,6.826106636,8.144638885,5.506475827,6.759215901,5.579270184,5.891964251,5.948320042,5.733256794,6.355817873,6.569678845,6.762629905,7.726908607,7.042459003,5.695615783,6.71689659,5.801757984,5.733636124,5.500345915,3.301908467,9.653594591,6.800305023,6.283552134,6.243692579,6.263110597,1,2.253125901,1,1,5.638088989,5.555179007,7.967894358,1.911186058,5.990301364,5.511714028,7.608315204,6.574436891,7.200762177,5.783951281,5.995491592,5.520517326,5.5,5.713724025,5.673221848,1.125391708,2.841356415,2.280774617,1.151536363,1.793120678,1,1,1,1.365713921,2.226987232,1.560098128,1,1.004314679,1,3.603212223,1.060540658,1.515528791,1.004565225,2.163313797,1,1,1,1.355843105,1,1.353844,1,1.00362906,2.449305243,2.284051627,1.878768306,1.11071872,1.20332829,1.243466426,1,1.025134503,1.983882107,1,1.0305813,1.039047621,1.001194708,1,1,1.201356136,1.085388098,1,1.106094015,1.083826286,1.818846665,1.060616559,1.044768506,1,1,1,4.688589903,1,1.027504142,1.002318404,1.051472402,1,1,1,2.216662813,1,1.099258368,1,1.146945589,1.011167124,2.049256471,1.52824855,2.063690081,1.606546676,1.075494439,1.010455357,1.198795076,3.046317847,2.343056424,1.80375118,4.470385657,1.08188371,1.249484903,1.180712071,1.18664064,2.0520338,1.46894603,4.68985493,1,1.497485632,5.361877288,3.394058538,3.490086564,1.4888509,2.800029715,1.806342407,6.761001518,1.034483725,1.463468278,1.173959813,1.064391053,1.150589224,2.464951617,3.715264574,1.099413608
4.868068913,5.394557991,3.587489965,1.632172048,6.745664057,3.212380432,3.554723278,2.169487935,1.574940369,5.364199408,3.509679702,3.886578832,2.283562402,6.774346332,2.615814116,5.23819864,2.085364464,2.065699239,1.046914444,1.426413069,9.781608039,5.572758796,6.757589685,3.550381501,4.565150276,1.992143457,8.122494579,1.217136232,2.306689624,1.754929938,3.555835475,6.89993075,1.003992508,1.828066274,1.678824292,5.268886429,4.132864343,3.12246885,4.509642084,1.832400226,4.456659556,1.564060628,2.125539386,3.163481346,1,5.987589138,2.8161874,6.169138278,4.587718483,1.490116272,1.753309065,1.096558311,2.210004656,2.793690063,7.224990481,2.022403603,1.790664184,2.692748007,5.164004006,1.30256822,1.638427982,1.452338529,2.7390752,1.569899264,1.498185673,1.080514704,2.72369891,1.045379481,1.436538991,2.152525583,3.191012567,7.963528274,8.966047791,4.466113359,3.511220296,1.120668788,5.077240586,2.443953476,1.76598055,5.1997404,2.615702897,3.340822744,1.8851708,1.183414988,2.45701536,1.158913965,5.601438417,2.398746197,1,4.08852741,3.11247735,4.830091745,2.884924224,2.653800085,2.368786576,2.77325173,1.859250468,3.959214221,3.315063965,4.130017508,1.928886688,1.864275713,2.326941517,4.294830219,1.95437607,3.909748309,3.492964475,3.772718664,4.428906228,4.687742666,4.181693726,5.496912004,4.180211112,5.398197219,2.579029838,1.002283471,6.074564399,6.755199986,8.413170831,6.021261507,5.821803947,5.440802851,3.562807849,1.416440859,6.80316871,7.423141184,9.500622306,9.370433671,1.496538271,1.808794957,5.110586609,6.562243945,6.677382785,5.882812675,1.732830606,3.449963573,5.348513382,7.135664612,2.509728364,1.164879521,1,1.050350018,1.046463804,3.367292557,6.05682252,2.847841982
1,1,1,1,3.266547413,1,1.204986958,4.93671316,1,1,1,1.286027862,1.198724182,3.707883548,2.135235958,8.184980201,1.007800055,1,1.272471531,1.056698063,1.095457802,1.632594617,2.348972855,2.941218226,1,1,1.35265222,1.161850421,1.184426579,1.043999696,1,1.843484555,1.911186058,1.946510886,1,1.893827751,1.805052095,2.878126394,3.932545233,3.70986928,1.029101942,1.011805497,1.031005599,2.389059605,1,2.371497924,2.160531199,1.044062541,1.281691799,1.069109963,1.027936095,1,1,1,1,1.000814453,1,1.011604991,1,1.000953799,1.010170251,1,1.010837276,1.274902557,1,1.106910307,1,1,1,1,1.573450555,1.69284216,3.347240591,4.724268301,1,1,1.084896577,1,1,1.002664292,1,1.206966086,1.623112163,1.101945484,1,1,2.590622612,1,1.054107745,1,1,1,1,1,1,1.564076967,1,1,1,1,1,1.14293615,1,1.951860239,1,1,1,1.031415184,1.04207594,1.14885398,1.293719998,1.047278073,1,1.00058192,1,1.050727409,1,1,1,1,1,2.906481677,1.026008493,1,1,1,1.005911268,1.042735029,2.488909215,1.020288258,1.104638549,2.169274647,1.317953655,4.139657218,1.064782432,1.600706012,1.619527952,2.991819245,2.254750511,1.928820501,1.857611166,1.69535387,1.332405338,1.002381261,6.850359529,3.11650214
1,1,1,1,1.89856086,1,1.013095936,4.511543139,1,1,1,1.516402848,1,1.39864816,1.673533774,7.304156779,1.083772982,1,1.178455307,1.012762125,1.000158991,1.575989694,2.434548827,2.84671299,1,1,1.002900225,1.161850421,1.184426579,1.041299097,1,1.569350283,1,1.393619114,1,1.876320091,1.633160917,2.31616217,2.08769885,2.882427355,1.011157529,1,1.022532844,2.1376226,1.004474848,2.29017485,1.494968094,1.148180002,1.434483179,1.065091036,1.027936095,1,1,1,1,1.000814453,1,1.011604991,1,1.000953799,1,1,1.010837276,1.274902557,1,1.106910307,1,1,1.120370606,1.040294236,1.573450555,2.753298944,3.157505739,4.386715392,1,1.119621401,1.084896577,1,1,1,1,1,1,1,1,1,1.071003796,1.117066576,1,1,1,1,1,1,1,1,1,1,1,1,1,1.014165921,1,1.939629027,1,1,1,1,1,1.004329465,1,1.079080756,1,1,1,1.15732089,1,1,1,1.01148185,1,1.735472834,1,1.245117902,1,1,1,1,1.538458763,1.02862879,1.272523197,1.635226124,1.023476523,3.625441508,1,1.767584609,2.07239688,3.214518611,5.599841549,2.012121968,1.345092724,1.003741666,1.246045138,1,8.676452942,4.957969356
1,1,1,1,1.401203523,1,1.060079649,4.414313094,1,1,1,1.264719429,1,1.177523223,1.606417661,6.483995553,1.004161925,1,1.154479107,1.015348011,1.024005144,1.682764645,2.352948474,2.682081727,1,1,1.002900225,1.161850421,1.184426579,1.167457443,1,1.469683308,1,1.327740539,1,1.904007979,1.645064577,2.73459237,2.306848575,2.650544287,1,1,1,2.213153685,1.018298701,3.783714181,1.35364214,1.092317747,1.059880268,1.065091036,1.027936095,1,1,1,1.010436172,1.000814453,1,1.011604991,1,1.000953799,1.004158331,1,1.010837276,1.274902557,1,1.106910307,1,1,1,1.002852467,1.573450555,2.059951762,3.157505739,6.206576957,1,1,1.084896577,1,1,1,1,1,1,1,1,1,1,1,1,1,1.001511058,1,1,1.002569024,1.02362563,1.746065923,1,1.029964768,1.08214957,1.0933253,1,1.167292765,1.083564457,4.175498936,1.003051585,1,1.060777338,1.307866713,1.014164774,1.328560013,1,2.246012578,1.037664076,1,1.009502241,1.170486424,1,1,1,1.438344798,1,2.899091716,1.275079631,1.905161105,1,1.008915279,1.003787101,1.023480183,2.383667869,1.315961489,1.78814827,2.057763441,1.341303112,5.189242141,1.060451221,2.088599607,1.595172355,3.842800365,2.393977917,1.232862989,1.368627169,1.009932909,1.022641228,1.212652218,6.844533143,1.797153127
1,1,1.035597437,1,2.163040909,1.007472791,1.082762963,6.305761224,1,1,1,1.579837934,1,1.91532388,1.887523317,8.215635055,3.159722052,1.253296072,2.533781791,1.071474629,1.017971191,1.614500405,1.807428355,4.159081683,1,1,1.002900225,1.161850421,1.184426579,1.128490868,1,1.707992137,1,1.605041348,1,1.895485341,1.7296167,3.207792707,2.603082518,3.960094618,1.013103955,1.031262488,1.018263156,3.503266767,1.200786436,2.730691639,2.430528148,2.33644985,1.962635727,1.068439377,1.027936095,1,1.045024151,1,1.000495939,1.000814453,1,1.011604991,1.014320555,1.000953799,1,1,1.021861455,1.274902557,1,1.106910307,1,1,1.010224398,1.2141779,1.573450555,3.542404369,3.157505739,5.906440029,3.238826185,1.774627376,1.084896577,1,1,1,1,1,1,1,1,1,1,1.046306297,1,1.191727545,1.12165805,1,1,1,1.005249632,1,1,1,1,1,1.001836294,1.041847934,1.476764122,5.151980967,1,1.170781322,1,1,1,1.386979664,1,1,1,1,1.000100051,1.445733516,1,1,1,1,1,3.588730521,1.517677097,1.987865292,1,1,1,1.035366455,3.106033262,1.41324128,1,2.114102091,1.807771733,5.075813009,1.442780745,2.137620172,2.383285326,4.301287928,4.821026565,2.751644802,2.056797803,1.559667986,2.099717803,2.358625661,8.966043551,4.294043848
1,1,1,1,1.690083562,1,1.241232376,6.463556912,1,1,1,1.277335073,1,1.315234762,1.351943325,8.210153366,1.119064279,1,1,1.385228266,1,1.624800607,1.583449205,2.522010842,1.013479414,1,1.002900225,1.161850421,1.184426579,1,1,1.51047163,1,1.197954384,1,1.867666755,1.655948796,2.078080066,1.726157795,1.933053712,1.003701587,1,1,1.622415799,1.039895481,3.582820375,1.526465753,1.074526353,1.896887045,1.065091036,1.027936095,1,1,1,1.521545269,1.000814453,1,1.011604991,1,1.000953799,1,1,1.010837276,1.274902557,1,1.106910307,1,1,1.007072598,1.099735424,1.573450555,2.824569719,3.179643442,6.866705882,1.035427848,1,1.084896577,1,1,1,1,1,1,1,1,1,1,1,1,1.087087808,1.118496639,1,1,1.00978371,1,1.007240429,1,1,1,1.002652739,1.003998513,1.16693267,1.039054389,3.199250529,1.008390899,1.029316716,1,1,1,1.225634327,1.025918564,1.024807573,1.006603085,1,1,1.09864492,1,1,1,1.020359514,1,3.018154125,1,1.132176075,1,1,1,1,2.149757699,1.364613897,1.245526892,1.236265227,1.459541582,4.235721556,1.229260913,2.389079652,1.890451178,4.01991306,3.366252248,1.567266435,1.430316017,1.338509707,1.047554611,1.234138103,8.438349608,2.231558328
1,1,1,1,2.03716635,1,1.605158688,7.265875573,1.108968507,1,1,1.281429874,1,1.136872417,1.941348572,8.210153366,1.000362689,1.004153071,1.942314783,1.191864988,1.01400647,1.518959829,1.52877297,2.185348519,1.123930802,1,1.002900225,1.29938427,1.184426579,1.006163061,1.018997012,1.555296519,1,1.323261328,1,2.225060924,1.638096461,2.073692234,1.661197902,2.112703561,1,1,1.012032885,1.77038904,1,2.540062858,3.546143093,1,1.244884793,1.06591862,1.027936095,1,1.407737271,1,1,1.000814453,1,1.011604991,1.069858634,1.000953799,1.04366501,1,1.010837276,1.274902557,1,1.106910307,1,1,1.000419711,1.582829167,1.6202147,5.784739613,3.513077078,6.741337937,2.260252396,1,1.084896577,1,1,1,1,1,1,1,1,1,2.174350194,1.086771139,1,2.959294279,1.695910601,3.04310283,2.966955856,5.459938379,5.5,5.417810388,5.494180433,4.562516863,3.741632425,2.323992202,1.397966212,1.119117179,3.056455433,6.530283058,1.238278713,4.057175144,2.667570226,2.612754774,2.438009733,1.090726752,1.131013602,1.197246828,1.042222586,1.149131481,1,1,1.000098708,1,1.108965882,1.201552011,1.026420434,3.398464835,1.014747611,1.428311061,1.698473327,1.687953054,1.635318952,1.553385698,1.531685471,1.118341481,2.368771722,1.285528212,1.505299363,4.855533484,1.950914232,1.593135321,2.181840989,5.165882901,3.482491718,2.092688442,1.726868114,1.013236589,1,1.018639892,8.736313907,2.402814824
3.474246046,1.356748514,1.453910698,1.016431831,2.534403585,2.029873014,2.100688731,2.974036281,1,3.598726262,1.860878938,3.126524927,1.764337209,6.299178767,2.128922486,4.509994926,1.830235183,1.217396991,1.234539461,1.023728717,1.508895787,7.114871775,4.634039099,1.84675873,3.644334131,1,1.002028272,1.25388613,1.396175999,4.721628001,3.354365452,7.171360867,1.626468301,4.041290706,1.375045855,5.328222511,5.684730215,3.371584449,3.383528419,1.60603719,2.918860106,1.04687545,2.011791556,2.002556005,1,7.126939357,4.08467451,1.053919563,2.245903642,1.407161812,1.05587219,1,1,1,1.089818837,1.001540602,1,1.011604991,1,1.000953799,1,1,1.021674552,1.549805114,1,1.147797333,1,1,1.229823404,1.301867122,2.14690111,2.902804707,3.157505739,1.994335301,1,1,1.466155041,1.454521429,1.104013849,1,1,1,1,1,1.166879031,1,1,1,1,1,1,1.002209652,1,1,1.00143964,1.218507131,1,1,1,1,1,1.409600287,1.217286323,5.5,1,2.364932928,1,1.209865146,1,1.016830286,1,1.008063322,1.031873593,1.499851179,1.148147378,1.691556939,1,1,1,3.869827389,1.822393585,1.213498937,2.548893905,2.208922745,1.035770627,1,1.134609302,1.777327147,1.438973969,5.281280728,1.583425077,4.472187893,5.02756241,1.330809986,1.423276197,2.300118104,3.2345177,4.412393908,1.143232891,1.614381186,1.303174435,1.367465025,1.816801435,1.685689979,3.039629998,1.324384862
4.078977057,2.713311249,1.563716329,1.004454804,2.848636432,2.10742023,3.154644684,5.476785671,1.260925263,3.58828851,2.055652288,3.5949121,1.441872129,4.678287888,2.573522175,4.548297418,1.397055936,1.77041452,1.195774786,1,3.227521134,9.02622274,8.324685814,7.069622029,7.105840564,1,1.002028272,1.25388613,1.396175999,1.767692534,4.308622747,8.436690384,1.917545351,7.904877877,5.524224307,8.14094377,7.628398671,5.494770347,4.296584241,2.569055431,2.880078931,1.513280571,3.96797184,3.335834585,1,1.893261183,2.770952029,1,1,1.130182072,1.05587219,1,1,1,1,1.001540602,1,1.011604991,1,1.000953799,1,1,1.021674552,1.549805114,1,1.147797333,1,1,1,1.301867122,2.14690111,3.848439708,3.157505739,2.27083993,1,1,1.466155041,1.454521429,1.104013849,1,1,1,1,1,1.166879031,1,1,1,1,1,1,1,1,1,1,1,1,1,1,1,1,1,1,1.572420047,1,1,1,1,1,1.734496445,1.008885068,1.086481922,1.075577867,1.793322732,1.347053685,1.169792292,1,1,1,1.779950509,1.146124107,1.054899962,1.07658438,1.180679315,1.002219286,1,1.043222597,1.856669422,1.484468034,1.044902219,1.106229082,2.508045364,2.41059184,1.131004487,1.025376561,1,2.843318323,1.966424584,1,1.596540525,1,1.004181772,1.50772546,1.002000811,1.087954874,1
3.886839629,4.865956801,1.532624397,1.086138558,4.588950578,3.392088649,3.699853363,3.177905572,1.349809749,5.673632727,3.355756995,6.613085163,1.888731004,7.502608768,4.340001994,5.715837946,1.10280231,1.54550236,1.331622033,1,2.789237509,8.797916337,7.059458271,5.868394449,7.716183691,1,1.002028272,1.25388613,1.396175999,2.109901499,4.326239617,8.434048675,1.911699595,7.784100093,6.191678342,7.940687764,7.480801387,5.406866049,5.292652426,2.803760791,3.567776839,1.634628893,4.566577084,4.906879771,1,2.75973181,2.246064704,1.015947604,1.036687646,1.130182072,1.05587219,1,1,1,1,1.001540602,1,1.011604991,1,1.000953799,1,1,1.021674552,1.549805114,1,1.147797333,1,1,1.057629069,2.145033347,2.14690111,3.895604861,3.157505739,1.747186531,1,1,1.466155041,1.454521429,1.104013849,1,1,1,1,1,1.166879031,1,1,1,1,1,1,1,1,1,1,1,1,1,1,1,1,1,1.040660791,1,1,1,1,1,1,1.003342538,1,1,1.23701013,1.149169266,1.259537466,1.32947401,1,1,1,3.323803121,1.434494608,1.595351373,1.798421452,1.315999525,1,1,1,1.196681486,1.928083185,1.00157327,1.056564258,1.960970588,3.467993968,1.150729923,1,1,1.443621287,3.272703745,1.026661811,1.088961765,1.00824518,1,1.349439383,1,2.30190278,1
1.068365629,2.181809783,1.231415479,1.02853834,1.756939191,2.319503545,2.933812462,2.501676806,1.316229135,6.518583329,3.368045891,6.199162691,1.144280234,4.480545828,1.606461061,5.211815247,1.13833531,1.124637747,1.178463721,1,1.946996577,5.767809553,4.362153014,2.871293824,7.322635798,1,1.002028272,1.25388613,1.396175999,3.753499028,4.503341726,5.686370757,1.398338108,7.977135727,5.777595588,7.564035605,6.720718833,4.290762596,4.52029049,1.75536024,3.135077001,1.083986442,4.523879482,4.370764256,1,2.32000095,3.690650339,1.006582438,1.798664969,1.130182072,1.05587219,1,1,1,1,1.001540602,1,1.011604991,1,1.000953799,1.193720344,1,1.021674552,1.549805114,1,1.147797333,1,1,1.034879314,2.113732272,2.14690111,3.890112354,3.157505739,3.138995326,1,1,1.466155041,1.454521429,1.104013849,1.022740914,1,1,1,1,1.719944059,1,1,1,1,1,1,1,1,1,1,1,1,1,1,1,1,1,1.085336216,1.073073699,1,1,1,1,1,1.02164673,1,1,1.048185556,1.154457847,1.503717537,1.019473556,1.001697266,1,1.004295511,1.802098806,1.42809397,1.186150495,2.742648923,1.019816916,1.007070139,1,1,2.433296261,2.560488148,1,1.610856904,3.264966501,1.433019874,1.203379988,1,1.297238252,3.477897945,5.602953457,1.493506813,1.381225213,1.159343026,1.56604224,3.83993796,1.323600163,5.015186004,1.460346032
1.280183743,2.007089348,1.108255314,1.025497862,2.024076003,2.305139463,3.219796369,2.597834409,1.039088558,6.250649004,3.301384991,5.453976194,1.193092105,6.276044312,1.333484743,4.918564143,1.117354132,1.118148433,1.198921915,1.000231491,2.673679537,2.862878758,2.266382508,2.69678526,7.699380629,1,1.060526447,1.25388613,1.557305119,3.316522407,3.908134074,4.744319231,1.236240566,7.232479515,4.347940937,7.916253224,7.039338999,3.562024025,4.929653097,1.650542931,2.604782318,1.807101598,5.343455948,3.120720298,1,1.041949995,2.133675692,1,1,1.130182072,1.05587219,1,1,1,1,1.001540602,1,1.011604991,1,1.000953799,1,1,1.021674552,1.549805114,1,1.147797333,1,1,1.042078007,2.722011968,2.14690111,5.050830655,3.157505739,2.129877254,1.028813452,1,1.466155041,1.454521429,1.104013849,1.314921708,1.001435679,1.047114527,1,1,1.718252264,1,1,1,1,1,1,1,1,1,1,1,1,1,1,1,1,1,1,1,1,1,1,1,1,1,1.004819103,1.020185135,1.076692351,2.194783816,1.076765032,1.026220921,1,1,1,1.319881009,1.130352317,1.148504763,1.621726022,1.022706478,1,1,1,2.062173489,1.808958899,1,1.008238401,1.820092195,1.734278996,1.695437124,1.062793307,1.097846426,4.281469199,4.299257367,1.067331956,2.226374447,1.03969887,1,1.172424199,1.467115662,3.378986582,1.014160551
2.381786206,2.745323,1.048714468,1.042588771,3.508066725,1.960794819,3.166424012,4.649372403,1.325990878,6.358804059,4.116307673,5.995395151,1.717858004,6.129006096,1.783632057,7.846799064,1.729486432,1.132008952,1.388969543,1,4.832407796,7.461148965,4.851969239,3.331243734,7.600773827,1,1.03712875,1.25388613,1.500025102,3.877502393,5.801608058,9.069926889,1.77912171,2.050864331,5.417698289,9.20863624,8.150990951,6.230182776,6.101483603,1.434525916,4.991709827,2.165066551,6.352673435,5.970565079,1,1.705027044,2.573706937,1.00892129,1.729512656,1.130182072,1.05587219,1,1,1,1,1.001540602,1.002263191,1.011604991,1.002263191,1.000953799,1,1,1.055380629,1.549805114,1,1.147797333,1,1,1.04375866,2.676033802,2.14690111,3.874282687,3.157505739,2.45051522,1,1,1.466155041,1.454521429,1.104013849,1.096183038,1,1.002382022,1,1,2.273647,1,1,1,1,1,1,1,1,1,1,1,1,1,1,1,1,1,1.004376641,1,1,1,1,1,1,1.037663688,1,1.012403613,1.103174526,1.121100824,1.009637333,1,1,1,1,3.246669336,1.078205384,1.555958368,1.065186253,1,1,1,1.033807509,1.227972363,3.168843869,1.000254608,1.017213247,1.833317473,2.018378354,1.344134691,1.017051746,1,1.77925227,5.052700416,1.092650196,1.746198231,1.101076105,1.306532224,1.839810205,1.158624571,2.960017991,1.20824973
1.064571931,1.006857571,1.011403026,1.006676567,1.688261027,1.001041338,1.095701731,3.668050312,1.040165741,1.005580517,1.044047358,1.00474943,1.027761374,1.956789525,1.074470738,6.570490793,2.844084376,1.012116614,1.184959721,1,1,1.049359378,3.012795763,3.225260005,1.000811955,1,1.091986198,1.046280227,1.057084322,3.432385273,1.070460482,1.004026596,1.376949628,4.532878269,1,2.435204036,2.541937163,3.64981042,7.237209603,1.535806918,1,1,1,1.789648907,1.385974687,7.128662956,1.850875045,1.385838714,1,1.023415583,1.001762588,1,1.009698976,5.5,1.027626016,1,1,1,1.375736407,1.433688096,3.600745255,3.928086372,1,1.121752583,1.002258666,1.034943437,1,1,1.161117598,1,1.573450555,4.05078958,6.465622983,2.624995457,4.190394007,5.326269713,1.152945261,1.22619187,1.031268399,1.042148366,1.757733515,1.347151481,1.433186171,2.593217506,1,1,1.519650948,2.286183309,2.038441181,1,1,1,1.052544625,1,1,2.084294048,1,1,1,1,1,1,1.232720287,2.463574161,1,1,1,1,1,1,1,4.055410599,5.345266653,5.5,4.467024315,4.477513273,1,1,1,1.050248453,5.109428009,1.441510824,4.666562008,3.193486171,1,1,1,1.061469006,2.263695964,1.051819333,2.516029975,6.494310428,5.476002326,1.781028748,4.896145308,7.971262312,4.542164636,5.362221547,2.86331131,7.576256193,4.897016462,2.708446206,1.828719348,1.076002675,6.282866088,1.39618559
1.01867948,1,1,1.047723397,1.211273277,1,1.02525962,3.51911641,1,1.030147392,1,1,1,1.236663399,1.57097236,6.118279436,1.242129777,1.06504846,1.042607073,1,1.069541751,1.725852576,2.787345072,5.472781569,1.085767595,1,1.172255391,1.115891905,1.057084322,1.86010882,1.396255832,1.803170073,2.054322914,6.339397046,1,2.936781519,3.235407443,4.421097279,7.355216721,2.066027663,1.000037057,1,1,2.163488913,1.157327211,4.72393643,2.066498713,1.395545299,1.007413939,1.015221377,1.001762588,1,1,1.87781195,1,1,1.03276959,1,1.123798009,1.151352095,2.167794952,2.865618574,1,1.121752583,1.000592132,1.034943437,1.002318529,1,1.071822068,1,1.573450555,3.441082158,6.250594337,2.027882993,1.770627268,3.793297353,1.152945261,1.22361481,1.031268399,1.05343385,1.996021221,1.194946987,1.002784237,2.336038102,1,1.118383878,1.581160485,1.776296848,1.249404124,1,1,1,1,1.000802285,1,2.458776763,1,1,1,1,1,1,1.138431904,1.004595225,1,1,1,1.068496393,1.019192785,1,1.001607666,5.447097331,5.5,5.5,4.548471596,5.184258977,1,1,1.006542651,1.438101055,4.580727699,1.591069936,1.461289388,3.928214783,1,1,1.004727762,1.678700462,2.126291743,1.010377325,1.55951695,2.653644461,2.167827898,1.176666636,2.463703911,4.529495003,1.84236481,3.598619267,1.968309782,4.404632171,2.890583356,1.323202531,1.267318414,1.135866967,5.503081878,1.059881933
1,1,1.067533495,1,1.041555058,1,1.003519134,2.206643352,1,1.008163676,1,1.02892783,1,3.172353108,1.95717167,5.963190497,1.026195096,1,1,1,1.086583777,1.198616989,2.154666591,2.147177737,1.00814787,1,1.000172376,1.046280227,1.057084322,1.094949054,1.16419569,1.034776561,2.014674422,5.183613054,1,2.188222329,2.278235672,3.331129223,6.255436841,1.857395332,1,1,1,1.345616031,1.004493621,3.119473063,1.344522121,1.004914563,1,1.015221377,1.001762588,1,1,2.258754085,1,1,1,1,1,1.143468022,1.827330402,1.789464483,1,1.121752583,1,1.034943437,1.001217923,1,1.009249297,1,1.573450555,2.098061163,5.792471034,1.576360512,1.021568185,1.054607361,1.152945261,1.22361481,1.031268399,1,1.001830406,1,1,1,1,1,1,1.032699322,1,1,1,1,1,1,1,2.888358126,1,1,1,1,1,1,1.199548912,1.636707641,1,1,1,1,1.013511013,1,1,5.190705263,5.5,5.302460965,4.130174459,4.02547622,1,1,1.25317001,1.041446725,3.938262788,1.241531008,2.279614433,2.01867398,1,1,1,1.27086367,1.078638197,1.026062543,3.145373702,2.898442837,1.962289905,1.113224969,2.252814065,5.557477343,1.748707252,4.72302151,1.933984689,3.898027747,1.450474328,1.148356874,1.244725955,1,5.467658993,1.086988042
1.035519974,1.207204587,1.319226793,1.107368099,2.198463076,1,1.03393101,4.272374447,1.018318135,2.328433983,1.143933317,1.34702864,1.013701725,1.314808543,1.883351831,7.166630385,1.174699864,1.125844115,1.275902576,1.003448504,1.230534322,1.786427002,4.621775131,3.331488297,1.094050803,1,1,1.046363268,1.057084322,2.642227954,1.94618788,1.125667036,2.473029169,8.540045326,1.004272133,5.040759749,4.134990368,6.01691595,8.890414025,2.632736966,1,1,1.007009192,2.393361941,1.416537143,2.609650853,2.091288143,1.007210055,1.000042103,1.029848836,1.001762588,1,1,3.331950823,1.178752301,1,1,1,1,1.045569578,2.000321786,2.360123238,1,1.121752583,1,1.034943437,1.000600325,1,1.429131737,1,1.573450555,2.039933091,6.237583807,1.63510575,3.011056996,3.888804544,1.152945261,1.226671825,1.031268399,1,1.886060882,1.013619512,1.002001557,1.843225062,1,1,1.070480999,2.690535581,1.778780307,1,1,1,1.007029275,1,1,1.604583533,1,1,1,1,1,1,1.139834746,2.881367504,1,1,1.002033137,1.002457377,1.014072772,1.006013334,1.041750328,5.441106007,5.5,5.186750923,4.529393633,5.319166212,1,1,1.759464938,1.380244429,5.5,1.623206936,5.460760777,4.892952305,1,1,1,1.349625616,2.762589381,1.00758354,2.433192069,3.635639985,1.655360741,1.048583834,1.904965708,2.679229974,2.01261982,2.726183697,1.042470339,2.650706108,2.163329038,1.51016177,1.309806605,1.410691457,5.657156174,1.275739592
1.051585227,1.022590079,1.061176589,1.223169773,1.909501635,1,1.016193941,5.289960428,1.013155291,1.83520097,1.066138473,1.286415577,1.1542851,2.562962519,2.655751457,7.193011011,1.09880159,1.013628451,1.079251864,1,1.142803007,1.084399361,4.039981877,5.229976908,1.14425798,1,1.102792223,1.079580775,1.057084322,1.771519177,1.209225938,1.245651712,1.897981889,8.521560109,1,5.146243416,3.109836296,6.975695303,6.44833314,4.262000947,1,1,1,1.517073896,1.073943823,5.161358424,2.709042086,1.003715776,1,1.015221377,1.007378817,1,1,5.478408591,1.257934596,1,1,1,1,1.068962469,2.787294761,3.769186198,1,1.121752583,1,1.037603684,1.001960546,1.015661619,1.43117266,1,1.573450555,2.751472395,6.465855935,1.585050915,2.182417031,3.243802381,1.152945261,1.22361481,1.031268399,1,1.577635704,1.08967637,1.000613984,2.176994184,1,1.037346389,1.028886567,4.1395669,2.395351615,1,1.185225117,1.000918916,1.294605895,1.399127641,1.588021839,4.492425608,1,1.002738159,1,1,1.003712754,1.001275533,2.6260563,3.569799427,1,1.004364034,1.130165205,1,1.912545141,1.337712698,1.544322379,5.500969841,5.5,5.5,5.506653059,5.5,1.814970939,1,3.055832344,2.244385393,5.5,2.000686478,5.5,5.5,1.318892951,1.074453244,1.258016168,3.122279143,1.414980494,1.74973702,5.480951483,6.087321091,3.610462242,1.065410943,2.48838045,5.457923401,5.589498778,8.061743259,2.887011062,8.047084646,5.23554944,2.19750497,1.68027457,1.149591139,6.31216744,1.404548331
1.637177273,2.59507266,1.515884076,1.247795624,5.407983293,1.284343661,2.785138892,5.680958615,1.421580007,5.877804288,4.314506827,2.891242697,2.324520814,5.932560243,4.76963419,9.370211084,3.863327405,2.015190412,1.913930559,1.249777948,2.696078689,4.569224482,6.038262049,8.272434785,3.739295311,1,1.266186482,1.046500578,1.057084322,4.013926743,1.634224241,2.565630757,2.811715449,6.445104581,1.919852741,6.166388579,6.330031924,8.543609357,9.246412622,3.378867359,2.266210379,1.229505707,1.98336546,5.875032226,1.210954702,2.312205181,1.748861765,1.091796645,1,1.015221377,1.001762588,1,1.012212854,2.306568717,1.273025754,1,1,1,1,1,1.917248199,1.01959168,1.095406618,1.121752583,1,1.034943437,1.000344595,1,1.137274527,1.003885532,1.573450555,3.397665427,5.74549034,1.72090115,1.868664886,1,1.152945261,1.23060565,1.031268399,1.011989701,1.320195268,1.004442827,1,2.039439812,1.000303448,1,1.180038546,1.230586103,1.128614383,1.000783873,1,1,1.192315517,1.015523973,1.238676078,4.250137841,1,1,1,1,1.006635171,1,1.285092337,2.091014511,1,1,1,1,1.109992024,1.003725345,1.010600151,5.128464671,5.357133979,4.598454699,4.523355834,1,1.094450696,1.004748171,1.626313641,1.196507915,4.831701471,1.66883542,1.282869953,1,1.004912709,1,1.022070938,1.373901033,6.621792489,1,1.64701305,5.517447998,6.233545557,1.075714556,1.857490409,2.292992262,5.090530406,6.817962257,1.299132095,3.653261307,1.659902393,1.24111345,1,5.6231659,8.192636358,1.149382649
1.458927488,1.793456334,1.437502333,1.260430507,4.582459282,2.944850901,2.487307413,1.187910531,2.304691995,4.323249199,3.254859585,4.010968442,2.782364548,5.388925714,4.808406013,2.409733707,1.745707669,1.969385039,2.2535215,3.732179953,2.323951523,4.45323201,9.785193238,8.59572418,1.776658821,1,1.002900225,1.249253334,1.396175999,2.869552012,1.076351669,3.157534128,1.434163417,1.141359761,1.003397864,1.624092726,7.453265497,6.901302352,7.242597159,1.679959846,3.727827566,1.48688279,3.513878561,7.050843656,1.021716911,1.027377454,1.074541702,1.065938628,1.025788026,1.130182072,1.05587219,1,1,1,1,1.001540602,1,1.011604991,1,1.000953799,1,1,1.021674552,1.549805114,1,1.147797333,1,1,1,1.366108019,1.799713449,3.428881812,3.145166538,1.16779133,1,1,1.430799798,1.576226114,1.09608541,1,1,1,1,1,1.199178385,1,1,1,1,1.105498771,2.300355312,1.29768789,1.47259608,1.01129541,2.070490217,1,1.010496348,1,1,1.655916414,1,1.391070432,1,1.309380071,1,1,1.103432126,1.39790288,1.881781377,1,1,1.006378596,1.020650279,1.001916926,1.0681541,1.625150655,1,1,1.021183436,1.009384109,1.657213535,1.445391394,1.777327045,1.289801815,1,1.74462947,1,1.025914995,5.717334993,4.060575392,1.858683799,1.244858905,1.00745612,1.063010786,1,1.011811333,1.058341136,1.842633606,1,1.027645948,1.000596966,1.042738457,1.372829549,1,1.215392508,1
1.141895283,1.191427334,1.056380365,1.032611663,1.912368539,2.520444398,2.947680303,1.305165455,2.131726781,3.533566371,1.644248437,1.809327335,1.624613689,5.162419643,4.60056966,3.254524684,1.440171934,1.277060474,1.285221216,2.21384181,2.589772167,3.199431376,5.022888989,4.115557625,2.009554497,1,1.003012162,1.249253334,1.396175999,1.197690006,1.0700413,1.893213474,1.38092981,1.164933991,1.020622135,2.028022267,4.785236279,6.519402778,6.053325254,1.275948996,2.890633328,1.123655628,1.205686581,2.716207994,1,1.298620024,1.216738367,1.01457422,1,1.130182072,1.05587219,1,1,1,1,1.001540602,1,1.011604991,1,1.000953799,1,1,1.021674552,1.549805114,1,1.147797333,1,1,1,1.366108019,1.799713449,3.428881812,3.145166538,1.334478831,1,1,1.430799798,1.576226114,1.09608541,1,1,1,1,1,1.199178385,1,1,1,1,1.02297331,1.045580156,1.411993151,1,1.185002349,1.283786169,1.184566226,1.374519421,1.046276659,1.293265652,1.579470803,1.795122225,1.486717965,1.232481915,1.467033821,1.168862821,1.266311417,1.175984928,1.119865546,1.043902767,1.000175501,1.058714626,2.038866397,1.517851086,1.784254437,2.025768628,2.676524627,1.323277986,1.091840677,1.722422907,2.339720512,4,1.625497441,4,2.266402878,1.588239562,3.022157732,2.681016856,3.119734219,3.469148164,1.105454623,3.001931158,1.581607506,1.506302252,1.262781054,1,1.1883735,1.820120116,2.298751534,1.610193702,1.615725676,1,1.155986473,2.44712599,1.000713999,1.218968056,1.006888023
1.273566318,1.839449716,1.134366772,1.045997453,2.791545831,1.063735214,1.082979585,1.53136605,1.26832466,2.218678982,1.472207582,3.710133685,1.573227563,2.711191178,1.383750042,2.69842051,1.232750148,1.280432065,1,1.046973437,3.455628169,8.642282847,7.044732173,4.150422072,9.26807934,2.137827768,1.117380407,1.354045185,3.547768737,2.787524217,2.706675932,9.412487067,1.308230965,2.825992379,2.677962362,3.499523891,3.677083881,4.576057582,2.474628258,3.881858865,8.054984046,3.643977292,4.627885548,2.50847631,2.201787735,1,1.001075764,1,1,1.802068902,2.243511817,1.13336451,1.038298644,1,1,1.001027068,1,1.00773666,1.151589968,1.000635866,1.09933677,1,1.057669119,1.366536743,1,1.179582435,1.313396453,1.648944383,1,1.666776368,2.807232631,5.617026512,4.583765799,2.086648472,1.255962108,1.021143623,1.869481305,2.180509392,1.177685752,1.43166574,1.051892741,1.127486778,1.269231407,1.252524541,1.183894357,1.211060901,1.08232305,1.435272777,1,1,1,1,1,1,1,1,1,1,1,1,1,1,1,1,1,1,1.053545549,1.001623662,1.001232812,1,1,1,1,1.224167643,1.01638997,1.687970772,1.112452085,1.422006267,1,1.030926426,1,1.009421425,1,1.322153388,1.000599046,1,1.046926497,1.023418119,1.655699545,1,3.263878261,1.056215324,1.062695542,1,1,1,1.000331766,1,1.000012103,1.004677875,1.110616256,1,1.005485596,1,1,1
1.991154496,1.975292172,1.204372173,1.000276422,1.36692411,1.425450375,1.161854394,1.53170381,1.267342539,4.277997281,1.903598283,3.155095745,1.206718705,2.882347175,1.421452215,5.020061136,1.924566629,1.549053167,1.000597638,1.007729396,5.204946928,9.79519112,8.192057173,7.805769215,6.827647358,1,1.554155683,1.300580132,1.766162182,1.420080148,5.946094174,9.789317736,1.49978811,4.107142326,2.493562426,4.43026115,3.033638192,6.250267571,2.700524637,3.946739762,7.348295265,2.61367794,4.267168907,1.796001872,1.00201827,1,1.001075764,1,1,1.38348515,1.0497826,1,1.000650504,1,1,1.001027068,1,1.00773666,1,1.000635866,1.053999628,1,1.014449702,1.366536743,1,1.098531555,1,1,1,1.784077164,2.281300362,5.956557403,3.800622499,2.469931283,1.098841428,1.087366926,1.410353058,1.875947028,1.101817362,1.069423618,1.005779188,1.13723104,1.075332348,1.019203494,1.601174875,1.034802652,1,1,1,1,1,1,1,1,1,1,1,1,1,1,1,1,1,1,1,1,1,1,1,1,1,1,1,1,1,1,1.008021362,1,1,1,1,1.169053301,1,1,1,1.063809987,1,1,1.40333059,1,1.000428432,1.268658038,1.062695542,1,1,1,1,1.518324955,1.000012103,1.004677875,1.006227628,1,1.471822802,1.001955543,1.486801426,1
1.090536982,1.21899069,1.134765908,1.016254118,3.561616521,1.071663033,1.956251443,1.161766868,1.000884037,3.221727111,1.446519974,2.466717828,1.495772213,6.062992022,3.593650058,5.557640469,2.678729265,4.248373402,1.773998187,1.00248347,1.547456797,2.812830953,1.060600723,2.523721934,3.134694086,1,1.002900225,1.25388613,1.396175999,2.380797454,1.273832987,1.508982296,1,1.248753659,1.334286494,1.747919168,1.753910094,2.361028695,1.696284027,2.115714173,5.043461287,1.064727849,1.79080096,1.329871133,1.000384334,1.012314864,1.66693485,1.029001573,1,1.130182072,1.05587219,1,1,1,1,1.001540602,1,1.011604991,1,1.000953799,1,1,1.021674552,1.545604512,1,1.147797333,1,1,1,1.549162029,2.14690111,4.6211023,3.157505739,1.251686995,1,1,1.466155041,1.850776655,1.104013849,1,1,1,1,1,1.405130335,1,1,1,1,1,1,1,1,1,1,1,1,1,1,1,1,1,1,1,1,1,1,1,1,1,1,1,1,1,1,1,1,1,1,1,1,1.000440796,1,1,1,1,1,1,1.027220941,1,1,3.475875011,2.651330065,1.171251414,1,1.3659753,1,3.15125189,1.071907956,1.040749689,1.000850203,1,1.009659373,1.041943475,1.348721561,1.000432021