-1.4843,-0.6492,3.0190,-1.2207,2.4205,-0.7393,1.1437,-1.1264,0.5601,-0.2510,0.5786,-0.3268,0.3868
-1.5210,-0.6917,2.8326,-1.1812,2.1981,-0.7036,0.8010,-1.2335,0.0642,0.7813,0.7907,-0.4032,0.1569
-1.4210,-0.7611,2.8436,-1.3655,2.2705,-0.1066,0.8351,-1.3177,0.2909,0.9071,0.3505,-0.9130,0.3729
-1.4271,-0.7325,2.7078,-1.3376,2.1940,-0.2376,0.8211,-1.2738,0.2386,1.0269,0.3510,-0.7108,0.3080
-1.4352,-0.3349,2.1781,1.0279,1.9490,-0.8760,0.8020,-0.8946,-1.1311,0.2977,1.1132,0.2532,0.1112
-1.4812,-0.7429,2.8717,-1.2241,2.2790,-0.6314,1.0033,-1.2970,0.2797,0.4879,0.8282,-0.4590,0.1065
-1.3676,-0.2540,2.4051,1.0154,2.1768,-1.1848,0.6157,-0.6510,-0.9204,0.8250,1.7505,0.4626,-0.1669
-1.2405,-0.4466,2.3261,1.3689,1.9407,-1.0746,0.6692,-0.8101,-0.8932,0.5192,1.1237,-0.0806,-0.5878
-1.1855,-0.8609,2.0642,-0.2874,1.6577,-1.1857,0.7952,-1.0900,-0.7346,0.4371,1.5148,0.7278,0.1122
-1.4519,-0.7574,2.7971,-1.1506,2.2188,-0.6584,0.9474,-1.2866,0.1835,0.6058,0.8190,-0.4690,0.1080
-1.1997,-0.8338,2.0548,-0.3576,1.6757,-1.1850,0.8645,-0.9926,-0.7606,0.4313,1.4547,0.8062,0.0819
-1.1691,-1.0178,1.9666,-0.4494,1.3792,-1.0565,0.6128,-0.6288,-0.5054,0.1313,0.7484,0.5492,0.8405
-1.4551,-0.8967,2.1515,-0.3299,1.5305,-1.4106,0.7172,-0.8352,-0.5658,0.3541,0.6325,0.5046,0.7077
-1.2228,-0.8747,2.0525,-0.2855,1.6420,-1.2087,0.8016,-1.0737,-0.7713,0.3354,1.4524,0.7093,0.1666
-1.2131,-0.8468,2.0777,-0.3039,1.6789,-1.2329,0.8158,-1.0088,-0.7620,0.4275,1.5481,0.7291,0.0984
-1.2788,-0.3610,2.3544,1.4837,2.1054,-0.8938,0.6077,-0.7572,-0.5900,0.6578,1.1901,-0.0940,-0.4139
-1.0112,-1.0627,1.8370,-0.1798,1.3570,-0.9632,0.7712,-1.1487,-0.7648,0.3002,1.1199,0.5311,0.4050
-1.3441,-0.2341,2.3510,0.9597,2.0956,-1.3324,0.6155,-0.2706,-1.1709,0.9708,1.7339,0.6800,-0.6493
-1.5036,-0.6297,2.5207,-0.4810,1.8120,-1.5058,0.6367,-0.7503,-0.3348,0.0758,0.5799,0.5836,1.0102
-1.1288,-1.0464,1.9284,-0.3486,1.3565,-1.0372,0.6613,-0.5501,-0.6132,0.1747,0.6553,0.4189,0.7773
-1.3131,-0.2786,2.3991,1.6988,2.3359,-0.5577,0.4755,-0.6661,-0.1607,0.8861,1.3544,-0.0825,0.0205
-1.2802,-0.4549,2.4878,1.4748,1.9327,-1.6101,0.1236,-0.9953,-0.3658,0.9115,1.2868,0.4338,-0.2736
-1.4623,-0.5965,2.5304,-0.5328,1.9116,-1.5652,0.7802,-0.7802,-0.2172,0.0413,0.4681,0.6355,0.7761
-1.0676,-1.0298,1.9453,-0.2179,1.3973,-1.0394,0.7321,-1.1956,-0.6810,0.3086,1.1530,0.6397,0.3588
-1.0429,-1.0493,1.8779,-0.1955,1.3457,-1.0060,0.7367,-1.1989,-0.7555,0.3125,1.1305,0.5547,0.3724
-1.4162,-0.7968,2.7577,-1.4939,2.2456,0.0047,0.8777,-1.3871,0.5045,1.0053,0.3989,-0.8946,0.3214
-1.4293,-0.7805,2.7630,-1.4583,2.1871,-0.0718,0.8116,-1.2927,0.3326,1.0777,0.4226,-0.8765,0.3274
-1.5163,-0.6211,2.5707,-0.4832,1.8225,-1.5084,0.6225,-0.7861,-0.2751,0.0073,0.6828,0.6551,0.9757
-1.0062,-1.0733,1.8545,-0.1803,1.3221,-0.9829,0.7316,-1.1634,-0.7335,0.2692,1.1719,0.5860,0.4008
-1.4211,-0.5585,2.5011,-0.5135,1.8980,-1.4899,0.6969,-0.8577,-0.1787,-0.0402,0.5517,0.7528,0.8597
0.0546,-0.4474,0.8753,2.5978,0.1204,1.7295,0.5271,0.0246,0.9766,0.1029,-1.0211,-0.8507,-0.6600
0.5182,-1.4080,0.1952,0.9165,-1.2978,1.0741,0.6550,-0.6130,-0.5944,-0.4361,-0.5358,-0.3855,0.4806
-0.1121,-0.0102,1.2273,3.0371,1.4327,2.1001,-0.3232,0.2090,1.5205,0.8330,-0.6664,0.5613,2.2273
-0.1070,-0.6491,1.5541,-1.9576,-0.0753,2.4851,0.7295,-1.8887,1.7236,0.6623,-0.6793,-1.6976,0.2148
-0.0900,-0.1169,1.2945,3.0781,2.1201,1.8568,-0.5270,0.7863,2.0589,0.8344,-0.6624,1.0836,3.3774
0.0389,-0.7634,1.3866,-1.7557,-0.1928,2.7340,0.5331,-1.8104,1.3520,1.2111,-1.1925,-1.8029,0.1145
-0.1698,-0.4710,1.7392,-2.0834,0.2245,2.4783,0.7052,-1.9515,1.5142,0.3396,-0.9468,-1.8539,0.2767
0.7533,-1.4035,-0.5506,1.8303,0.0811,1.9246,0.3489,-0.2853,0.9294,-0.4886,-0.6519,0.6193,1.1239
0.2531,-1.0775,0.6276,0.5894,-1.1642,0.7893,0.4872,-0.8490,-0.1548,-0.5146,-0.5965,-0.1221,1.1201
0.5428,-1.4934,0.1395,0.6113,-1.2823,1.0858,0.6098,-0.6506,-0.4741,-0.4214,-0.5505,-0.1692,0.6293
-0.0507,-0.7673,1.3495,-2.0070,-0.2432,2.7341,0.4145,-1.9771,1.6087,1.1725,-1.0955,-1.7020,0.2479
0.5140,-1.1277,0.1703,1.5263,-1.0941,1.1769,0.7354,-0.5622,-0.4602,-0.4197,-0.8555,-0.7124,0.3354
0.0081,-0.7594,1.2851,-1.7061,-0.2812,2.4764,0.5626,-1.9140,1.5617,1.1166,-0.7248,-1.5956,0.2649
0.4977,-1.5042,0.2122,0.5676,-1.3789,0.9419,0.6806,-0.8761,-0.2380,-0.6315,-0.4840,0.4001,0.4059
-0.1175,-0.0565,1.3115,3.2451,2.1760,2.0636,-0.6604,0.7239,2.1438,0.7973,-0.8299,1.3720,3.5873
0.3589,-1.1525,0.5081,0.7074,-1.0969,0.9044,0.5945,-0.8169,-0.1920,-0.5644,-0.6389,-0.3644,1.0289
0.3392,-1.1823,0.5306,0.7264,-1.0810,0.9313,0.6054,-0.8082,-0.2371,-0.5010,-0.6671,-0.4566,0.9443
-1.7499,2.3967,-0.6922,-1.0027,-5.2336,1.3121,-1.5888,1.6529,0.7983,0.5871,-1.3062,0.1899,0.2257
-0.0450,-0.7171,1.5091,-1.9921,-0.1397,2.8500,0.4810,-1.8499,1.4867,1.0343,-1.1229,-1.8016,0.2263
-0.1959,0.0677,1.3338,2.8552,1.3482,1.9000,-0.3010,0.1073,1.4884,0.7153,-0.6095,0.5228,2.2982
0.0438,-0.2978,0.9055,3.0072,0.9888,2.1349,0.1328,0.2807,1.5821,0.3821,-0.9897,-0.2650,0.7403
0.2559,-1.1358,0.6358,0.6697,-1.2815,1.0460,0.4308,-1.1672,-0.5275,-0.2140,-0.4349,0.2903,0.1384
-0.0710,-0.1073,1.1127,2.9992,0.9854,1.9793,-0.1896,0.1331,1.2638,0.7869,-0.8533,-0.0716,1.3450
0.4863,-1.3566,0.2568,0.9341,-1.3181,1.0362,0.7810,-0.8762,-0.4367,-0.5816,-0.5961,-0.0466,0.3619
0.4610,-1.2480,0.2569,1.0364,-1.2406,1.0611,0.6162,-0.6098,-0.5832,-0.3100,-0.6443,-0.4815,0.6398
0.4067,-1.2825,0.3730,0.7325,-1.3479,1.0077,0.5663,-1.0381,-0.4813,-0.4254,-0.4187,0.2419,0.4206
0.1903,-1.1098,0.7094,0.6245,-1.2883,0.9853,0.4117,-1.1181,-0.5312,-0.2082,-0.4484,0.2803,0.1681
-0.0469,-0.6706,1.4480,-2.0142,-0.1373,2.5528,0.5553,-1.9350,1.7407,0.8177,-0.6769,-1.6251,0.2104
0.3592,-1.1865,0.5269,0.8421,-1.0705,0.9300,0.6950,-0.8254,-0.1786,-0.6292,-0.7169,-0.4780,0.7589
0.2381,-1.1311,0.6706,0.6129,-1.2881,1.0227,0.4474,-1.1169,-0.6336,-0.0585,-0.3128,0.2292,0.1409
-0.0666,-0.1242,1.1115,2.7640,1.1925,1.8868,-0.1057,0.1177,1.3788,0.6103,-0.6303,-0.0257,1.5223
-0.4061,-2.0560,0.0860,0.2849,-1.9160,0.7846,0.9543,-0.6182,0.6361,0.2519,-0.5278,0.5208,0.0769
-0.8237,-1.8317,0.4823,1.0105,-1.8143,0.1538,1.2537,-0.7856,0.8981,-1.0267,-0.5361,1.7911,-0.8223
-0.6947,-1.7665,0.1446,2.0375,-1.4195,0.2629,1.4766,-0.4641,0.9618,-1.2780,-0.8611,1.2162,-1.9446
-0.5426,-2.1352,-0.1579,0.4130,-2.1367,0.3972,1.1907,-0.4530,0.9294,0.3159,-0.9222,0.9200,0.3610
-0.4938,-2.0999,-0.0869,-0.2647,-1.9469,0.7977,0.8876,-0.5238,1.3864,0.5103,-0.7850,0.6472,0.4798
-0.5111,-1.7088,0.2536,1.2292,-1.3128,0.1067,1.3160,-0.5729,0.7199,-0.7648,-0.9254,0.8634,-2.1474
-1.0998,-1.7443,0.7978,0.1519,-1.7444,-0.1364,0.9844,-1.4305,1.0246,-0.4512,-0.2268,2.4883,-1.2884
-1.1165,-1.6501,0.8593,0.7674,-1.9869,-0.0812,0.9632,-1.4158,0.5824,-0.4066,0.0791,2.3735,-1.1242
-0.6589,-1.8429,0.4103,0.9159,-1.8527,0.2301,1.1795,-0.6003,0.9217,-1.1902,-0.4048,1.4664,-0.6169
-0.7101,-1.8525,0.1428,1.4534,-2.0678,0.0694,1.3683,-0.3941,0.6813,-1.0709,-0.6336,1.0116,-1.2018
-0.8844,-1.9933,0.3124,1.1092,-2.0823,-0.2439,1.4438,-1.3118,0.7746,-0.7596,-0.2410,2.4501,-0.3988
-0.4923,-1.6202,0.2402,1.7473,-1.1276,0.2123,1.2447,-0.5855,0.9084,-0.8163,-0.8090,0.8981,-2.3909
-0.8333,-1.4261,0.7147,-1.6203,-1.2221,1.8753,0.8321,-1.5198,2.2504,1.3467,-0.7714,-0.6177,0.3985
-0.3414,-1.9202,-0.0610,0.9350,-1.8935,0.6610,1.2580,-0.3803,0.3260,0.2056,-0.8500,0.4637,0.0979
-0.6276,-2.1020,-0.0130,1.4319,-1.7272,-0.0498,1.7503,-0.5688,0.8461,-1.1969,-0.8847,1.5408,-1.6152
-0.7891,-1.9735,0.3088,0.7923,-1.9867,-0.1108,1.2747,-1.1390,0.7921,-0.8257,-0.1601,2.3746,-0.7317
-0.9607,-2.0282,0.2778,0.9770,-2.0836,-0.4356,1.4978,-1.3120,0.8528,-0.7989,-0.4080,2.5104,-0.4858
-0.3957,-1.9956,0.0623,0.1755,-1.9430,0.7713,0.7647,-0.5180,0.6750,0.2917,-0.4846,0.6162,0.2839
-0.7754,-1.1787,0.4517,2.8836,-0.1917,0.7464,0.9418,-0.0443,1.6788,-0.0844,-0.6285,0.9580,-1.2443
-0.4232,-2.0105,0.1627,0.8087,-1.4631,0.0199,1.4779,-0.5484,0.9293,-0.8276,-0.9558,1.2028,-1.8549
-0.6961,-1.7294,0.4005,0.5331,-2.0901,0.3384,0.7545,-0.3017,0.5326,-0.5698,-0.4465,1.2679,-0.4833
-0.5252,-1.8454,-0.0634,2.1719,-1.1989,0.4853,1.5465,-0.4067,1.0496,-1.0721,-0.7562,1.1142,-1.9092
-0.6951,-1.7284,0.4913,0.6187,-1.8943,0.1932,0.8379,-0.3761,0.8945,-1.1913,-0.4385,1.4070,0.0025
-0.7361,-1.9827,0.0624,1.2794,-2.2507,0.0165,1.4774,-0.5338,0.7049,-1.1238,-0.6749,1.7986,-0.4950
-0.3828,-1.9866,0.0997,1.0035,-1.3503,0.1318,1.5745,-0.4353,1.0071,-0.7942,-0.8986,1.1935,-1.8086
-0.6999,-1.7835,0.3474,1.3249,-1.8192,0.3609,1.3092,-0.7546,0.8000,-0.9832,-0.4599,1.6530,-0.5642
-0.6927,-1.9331,0.0912,1.1269,-2.2288,0.0646,1.2645,-0.4697,0.7146,-1.2241,-0.5358,1.6082,-0.7054
-0.5897,-2.0383,-0.0662,0.0960,-2.1555,0.4293,0.8711,-0.4764,1.2512,0.1411,-0.7635,1.0621,0.4071
-1.2128,-1.6127,0.8595,0.8776,-2.0555,-0.1425,0.9129,-1.3244,0.5824,-0.3713,0.0005,2.2868,-0.9762
-0.4899,-1.7897,0.2563,-0.4974,-1.7922,0.9878,0.5700,-0.7182,1.0880,0.7517,-0.3736,0.3670,0.3941
-0.8692,-2.0351,0.2618,1.0498,-2.0327,-0.3478,1.5030,-1.2061,0.8881,-0.9796,-0.3417,2.4723,-0.4798
-1.1348,-1.6759,0.8406,0.5963,-1.9682,-0.1666,0.9452,-1.3633,0.6696,-0.4867,0.0276,2.4358,-1.0384
-0.3555,0.1687,-0.6768,0.4797,-0.5810,0.3843,0.7562,0.7986,-1.7599,0.3734,1.4358,-0.4007,1.8497
-0.5912,0.2271,-0.5426,0.2197,-0.6383,0.3541,0.6359,0.4939,-1.8970,0.7797,1.5079,-0.3039,1.2292
-0.3947,0.2656,-0.6017,1.1790,-0.3666,0.3722,1.2546,1.0799,-1.2861,0.3304,0.4354,-1.0577,1.6005
-0.2424,-0.3837,-0.9215,-0.2709,-0.7347,0.3692,0.3527,0.4736,-1.6347,0.2878,1.5396,0.9325,0.7266
-0.6550,-0.0260,-0.5437,-0.1306,-0.5444,0.1109,1.1662,0.9516,-1.9568,0.5995,1.4927,-0.4445,-0.4062
-0.3009,0.2308,-0.7007,1.1689,-0.3937,0.4240,1.2012,1.0125,-1.3557,0.3737,0.4798,-1.0748,1.5748
-0.3892,0.1763,-0.6618,0.4628,-0.5696,0.3483,0.7866,0.8424,-1.7468,0.3505,1.3561,-0.3908,1.8465
-0.4194,0.2407,-0.6686,0.3721,-0.5798,0.3378,0.7098,0.8301,-1.7517,0.3164,1.4796,-0.2586,1.9080
-0.2748,-0.3303,-0.9115,-0.2664,-0.7191,0.3848,0.3526,0.5060,-1.6890,0.3481,1.4889,0.9570,0.7670
-0.5619,0.2698,-0.5439,0.3829,-0.6224,0.4113,0.5902,0.4321,-1.9438,0.9129,1.4112,-0.4120,1.2647
-0.5715,-0.2208,-0.6894,-0.7454,-0.5667,0.1353,1.4849,1.3439,-1.3907,0.4506,0.5663,-0.5242,-0.4035
-0.2902,-0.3108,-0.8720,-0.3442,-0.6790,0.3723,0.3605,0.5094,-1.6281,0.2756,1.5958,1.0391,0.5875
-0.4898,-0.3864,-0.8326,-1.0125,-0.5573,0.2075,1.5297,1.4181,-1.2172,0.3175,0.4408,-0.4455,-0.1341
-0.2415,-0.0652,-0.8407,0.5563,-0.8055,0.5649,0.6524,0.4833,-1.8384,0.4568,1.5594,-0.2985,1.3821
-0.3310,0.2514,-0.6718,1.1892,-0.3318,0.3792,1.2500,1.1136,-1.2949,0.3277,0.4204,-1.1008,1.5906
-0.2640,-0.0460,-0.8649,0.5853,-0.8018,0.5312,0.6938,0.5370,-1.8550,0.4302,1.4319,-0.3372,1.4699
-0.4954,-0.3755,-0.7967,-1.0110,-0.5526,0.2004,1.5283,1.3678,-1.2017,0.3114,0.4466,-0.4509,-0.1936
-0.0264,-0.7967,-0.9218,-0.8061,-0.6641,0.8965,0.3566,0.2808,-0.8303,1.1524,0.7604,1.0489,1.1965
-0.2922,-0.0345,-0.8230,0.6065,-0.8028,0.5327,0.6863,0.4809,-1.8384,0.4357,1.4730,-0.3322,1.4156
-0.2928,-0.0197,-0.8433,0.5541,-0.7879,0.5032,0.6836,0.5325,-1.8734,0.4557,1.4279,-0.3141,1.4672
-0.6052,0.2111,-0.5689,0.0682,-0.6127,0.3697,0.6265,0.5320,-1.8519,0.7308,1.6293,-0.2568,1.1544
0.0306,-0.8664,-0.9521,-0.6923,-0.7080,0.8394,0.3638,0.3027,-0.8842,0.9582,0.8795,1.1236,1.2212
0.0018,-0.8353,-0.9637,-0.8138,-0.6689,0.8739,0.3388,0.2910,-0.7578,1.0423,0.8070,1.0916,1.2113
-0.6063,-0.0737,-0.6001,-0.3085,-0.4835,0.1742,1.2011,0.9099,-1.8435,0.4918,1.5417,-0.3270,-0.4660
-0.5452,0.1971,-0.5920,0.2952,-0.6582,0.4236,0.5939,0.4584,-1.9131,0.7935,1.4791,-0.3531,1.1946
-0.3314,0.2219,-0.7024,1.1188,-0.3907,0.3924,1.2336,1.0512,-1.4517,0.4084,0.4051,-1.1234,1.5880
-0.4743,-0.3977,-0.8409,-1.1610,-0.5200,0.2556,1.5275,1.3775,-1.0440,0.2142,0.3503,-0.3773,-0.0119
-0.2918,-0.3494,-0.8644,-0.3306,-0.7069,0.3224,0.3791,0.4863,-1.5856,0.2072,1.5532,1.0174,0.7608
-0.5888,-0.0739,-0.5777,-0.4618,-0.4576,0.1983,1.2384,0.8960,-1.7513,0.3889,1.4874,-0.2260,-0.4438
-0.6240,-0.0323,-0.5206,-0.2705,-0.4564,0.1479,1.2161,0.8797,-1.8334,0.5582,1.5670,-0.3735,-0.5539
-0.3030,0.2026,-0.7100,0.3393,-0.9094,0.4576,0.7978,0.9905,-1.5823,0.5072,1.4195,-0.3214,1.6550
-0.1190,-0.4901,-0.9949,-0.0667,-0.8237,0.6419,0.4271,0.4439,-1.7376,0.6666,1.0061,0.6172,1.2504
-0.0584,-2.6412,-1.5098,0.5323,1.8352,-1.1711,-1.0876,1.3115,-0.5817,-0.7233,0.3160,-0.6644,-1.1945
-0.0823,-2.8732,-1.5168,-1.0732,2.2961,-0.7143,-1.4005,0.8605,1.0763,-0.5536,-0.2678,0.3012,-1.4971
0.3302,-2.8054,-1.5210,-0.1636,1.4821,-0.2747,-1.4741,0.5003,-0.6808,-0.0664,1.0361,0.0902,-0.7655
0.0674,-2.7324,-1.6422,0.0594,1.6283,-0.6713,-1.0670,0.9821,-0.5719,-0.3241,-0.9358,-1.5277,-0.3972
0.2497,-2.7069,-1.5976,-0.9375,1.7993,-0.0617,-1.2619,0.8311,0.6461,0.2011,0.2126,-0.0573,-0.3916
-0.0547,-2.5166,-1.5100,0.8521,1.8044,-1.1512,-1.1039,1.1869,-0.7999,-0.4657,0.3730,-0.9164,-1.3216
0.0761,-2.7358,-1.6004,0.0567,1.6083,-0.6022,-1.0433,0.9839,-0.5410,-0.3487,-0.8900,-1.4777,-0.4156
-0.2030,-2.6588,-1.6530,-0.5809,2.2549,-0.6564,-0.4262,2.2710,1.4345,-0.7675,-2.1729,-0.6594,-0.5266
0.5084,-2.6677,-1.6036,-0.6720,1.5749,0.1292,-1.2666,0.8429,0.3707,-0.0910,0.6044,0.3338,-0.0291
0.1188,-2.8695,-1.5390,-0.2932,1.9322,-0.8265,-1.4226,1.0570,-0.0034,-0.7264,0.1560,-0.6720,-0.5518
0.1104,-2.8528,-1.5280,-0.4414,2.0377,-0.8174,-1.4585,1.1183,0.1431,-0.7803,0.1228,-0.5473,-0.4935
-0.0621,-2.8527,-1.5374,-1.0789,2.2917,-0.6758,-1.3990,0.8583,1.1477,-0.5449,-0.2494,0.3285,-1.4816
-0.0002,-2.6434,-1.5043,0.4376,1.8164,-1.0685,-1.1366,1.2283,-0.6315,-0.6404,0.3504,-0.6222,-1.0941
0.2157,-2.7318,-1.7299,0.1651,1.2421,-0.8154,-1.0435,0.9643,-1.0299,-0.4051,0.6090,0.2860,-0.4618
0.3099,-2.7580,-1.6295,0.4725,1.1993,-0.7756,-0.9265,0.7332,-1.1705,-0.4194,0.6492,0.1447,-0.5423
0.3441,-2.5086,-1.4244,0.0885,1.4780,-0.2914,-1.6506,0.6319,-1.2123,-0.0168,1.0272,-0.5234,-0.5812
0.2603,-2.7639,-1.6102,-0.8256,1.7122,-0.1814,-1.3143,0.8199,0.5055,0.1051,0.3925,0.0909,-0.3053
-0.2220,-2.6799,-1.6472,-0.4592,2.2017,-0.7914,-0.5116,2.2797,1.2390,-0.8714,-1.9121,-0.6870,-0.6754
-0.1035,-2.8703,-1.4991,-1.0080,2.2832,-0.7401,-1.3922,0.8655,0.9372,-0.5981,-0.2638,0.2817,-1.5756
-0.2289,-2.6503,-1.6421,-0.6403,2.2504,-0.6693,-0.4079,2.2326,1.5569,-0.7729,-2.2351,-0.5869,-0.5432
0.0102,-2.5909,-1.2820,-0.1939,1.9305,-0.8543,-1.5973,0.9908,-0.4844,-0.3276,0.5356,-0.1744,-0.2029
1.2934,-1.9531,-1.7317,-0.2900,0.9739,1.0800,-0.8374,1.5990,0.8813,-0.7009,-0.1078,-0.0293,1.0223
0.3312,-2.8166,-1.5699,-0.4520,1.6319,-0.1216,-1.4440,0.5153,-0.2274,0.0972,0.9121,0.3659,-0.6968
-0.0877,-2.8576,-1.5075,-1.0774,2.3231,-0.7005,-1.3999,0.8432,1.1098,-0.5760,-0.2797,0.2991,-1.5237
0.3065,-2.7693,-1.4759,0.1303,1.3764,-0.2876,-1.4835,0.4151,-1.0865,0.0443,1.1501,-0.0900,-0.7884
0.0481,-2.7190,-1.6145,-0.0494,1.6974,-0.6329,-1.0557,1.0153,-0.4883,-0.3451,-0.9202,-1.4972,-0.3713
-0.2469,-2.6191,-1.6008,-0.4624,2.1109,-0.7281,-0.4102,2.2998,1.3408,-0.8288,-2.0745,-0.6403,-0.4907
-0.0883,-2.6029,-1.5018,0.3502,1.7908,-1.1696,-1.0475,1.2864,-0.4458,-0.5929,0.1475,-0.5564,-1.0735
0.1268,-2.7104,-1.6276,0.1165,1.5422,-0.6283,-1.0577,1.0090,-0.5509,-0.2028,-0.8495,-1.4881,-0.2996
0.1143,-2.8700,-1.5478,-0.4679,2.0406,-0.7864,-1.4861,1.1210,0.2529,-0.5787,0.0814,-0.4704,-0.5148
0.2842,-2.7816,-1.5898,-0.6243,1.6465,-0.2036,-1.3632,0.7712,0.0944,0.1615,0.5217,0.0543,-0.3701
0.3310,-2.7938,-1.5103,-0.2682,1.5703,-0.2006,-1.4810,0.5017,-0.5538,-0.0813,1.0959,0.2469,-0.7874
-0.6532,0.0846,-0.7926,-1.8185,-0.0994,2.2640,-0.9133,-1.2333,1.1149,1.3039,1.9858,-1.1977,-0.6634
-0.1448,-0.3469,-1.4861,0.3376,-0.8984,1.4117,-0.7020,-0.3821,-0.5509,-0.8160,2.1524,-0.5108,0.0251
-0.3307,-0.0321,-1.2584,0.3182,-0.7275,1.4519,-0.9063,-0.9243,-0.5772,-0.2283,2.4823,-0.3807,-0.4437
-0.8109,0.9212,-0.5167,1.6462,0.5625,1.9057,-1.4203,-0.5277,0.4109,0.9789,2.5173,-0.8303,-0.9168
-0.4622,-0.0196,-1.0775,0.0502,-0.5409,1.1424,-0.8575,-0.6997,-0.2135,-0.9028,2.2428,-0.5860,-0.0942
-0.5405,0.1162,-0.9691,-0.1040,-0.5606,1.2422,-1.0540,-1.1857,-0.3720,-0.1685,2.5053,-0.2003,-0.9196
-0.8151,0.9192,-0.5377,1.6801,0.5128,1.9114,-1.5006,-0.4238,0.5369,0.9514,2.4069,-0.8352,-0.9456
-0.2515,-0.1653,-1.3738,0.3030,-0.8193,1.4396,-0.8565,-0.8158,-0.5638,-0.3870,2.4646,-0.3602,-0.2649
-0.8651,1.1159,-0.5013,1.9089,1.0348,2.2178,-1.6029,-0.0588,0.8261,1.0106,2.3764,-0.2409,0.3976
-0.2296,-0.0966,-1.3690,0.5352,-0.8051,1.5077,-0.8406,-0.7701,-0.6015,-0.3479,2.3388,-0.4467,-0.2445
-0.1864,-0.3655,-1.4550,0.0896,-0.8635,1.3687,-0.7297,-0.3444,-0.5382,-0.8040,2.0824,-0.3853,0.0940
-0.8492,0.9561,-0.4336,2.2295,0.9886,2.3585,-1.7323,0.1177,1.0879,1.1753,2.2118,-0.2102,0.1604
-0.4583,0.0398,-1.0772,0.0118,-0.6381,1.3396,-1.0403,-1.1302,-0.4417,-0.2243,2.4457,-0.1759,-0.8048
-0.8129,0.8913,-0.5093,1.4750,0.4467,1.7944,-1.3451,-0.6493,0.1561,0.8469,2.5035,-0.8560,-1.1522
-0.5782,0.0119,-0.8914,-1.8227,-0.1379,2.4722,-0.8595,-0.9988,1.0195,1.5095,1.4492,-1.1950,-0.3826
-0.4905,-0.0216,-1.0446,-0.1958,-0.4399,1.0907,-0.8088,-0.5940,-0.1672,-0.7381,2.1066,-0.3981,-0.1277
-0.8010,0.8171,-0.5416,1.5557,0.3120,1.7480,-1.4532,-0.5584,0.1560,0.8554,2.3836,-0.9420,-1.1944
-0.1818,-0.1709,-1.4783,0.6585,-0.8180,1.4566,-0.6385,-0.3459,-0.5019,-0.7912,2.0346,-0.7831,-0.3049
-0.6755,0.1668,-0.7097,-2.0014,0.0365,2.6620,-0.7682,-1.2769,1.3264,1.4077,1.6012,-1.5327,-0.6500
-0.9012,1.1353,-0.4526,2.1314,1.3542,2.3575,-1.8142,0.1610,1.3128,0.9753,2.2117,0.2931,0.8198
-0.3010,-0.0635,-1.2521,0.2324,-0.7680,1.4149,-0.9450,-0.9384,-0.5877,-0.2873,2.4958,-0.3010,-0.3674
-0.6406,0.0681,-0.7421,-1.9271,-0.0142,2.5286,-0.7659,-1.1348,1.1628,1.4195,1.6259,-1.3919,-0.7147
-0.8227,0.8929,-0.5127,2.3436,1.0480,2.4260,-1.7343,0.2231,1.1937,1.2819,2.1686,-0.2017,0.1967
-0.7748,0.3460,-0.3835,-2.2005,0.3771,2.8928,-0.5213,-1.6275,1.5971,1.0042,1.5699,-1.9324,-0.7883
-0.4404,-0.0373,-1.1250,0.0308,-0.5618,1.1817,-0.8691,-0.6173,-0.2174,-0.9501,2.2442,-0.5256,0.0518
-0.6949,0.1581,-0.5983,-2.1561,0.2143,2.4412,-0.7273,-1.5239,1.5210,1.0189,1.9370,-1.3899,-1.0456
-0.6594,0.0581,-0.7716,-1.9271,-0.0432,2.2204,-0.9625,-1.2833,1.0734,1.1872,1.8979,-1.0466,-0.7343
-0.4579,0.0622,-1.0664,-0.0140,-0.6133,1.3257,-1.0200,-1.1211,-0.4524,-0.1872,2.5340,-0.2141,-0.8537
-0.3466,-0.1395,-1.2950,0.1982,-0.7960,1.3299,-0.7952,-0.4307,-0.6182,-0.6081,2.1325,-0.6881,-0.3142
-0.7022,0.1618,-0.6662,-2.0553,0.1137,2.4115,-0.7696,-1.4384,1.3587,1.1786,1.9930,-1.3442,-0.9243
-1.4224,1.1899,0.1105,0.2808,0.1547,0.0374,-0.0075,-0.2696,-0.7654,1.3374,0.4631,-1.6506,0.0850
-1.0651,0.5011,-0.6366,-1.0778,0.0014,0.0801,0.3570,-0.2092,-0.6595,-0.0133,-0.4723,1.0235,-1.5866
-1.3710,1.1001,0.0621,0.3027,0.0938,0.0607,0.0429,-0.2625,-0.8471,1.4007,0.5079,-1.7147,-0.0275
-0.9388,0.5064,-0.6389,-1.4232,0.1550,0.1868,0.5161,-0.0371,-0.2662,0.0721,-0.8612,0.7887,-1.7481
-1.3762,1.1248,0.0633,0.2188,0.1105,0.0491,0.0225,-0.2901,-0.7420,1.3895,0.4715,-1.6760,0.0819
-1.0076,0.3890,-0.7588,-0.9492,-0.0992,0.0905,0.3327,-0.3791,-0.4875,-0.0647,-0.3533,1.0359,-1.2292
-1.0719,0.7183,-0.2471,-0.1922,-0.1826,-0.1175,0.0627,-0.1572,-0.7401,0.5532,0.7195,-0.9480,0.3079
-1.0920,0.7749,-0.2360,-0.1397,-0.1678,-0.0744,-0.0124,-0.2218,-0.7211,0.6804,0.6904,-1.0556,0.2793
-0.9660,0.4777,-0.7187,-1.1523,0.0480,0.0975,0.4049,-0.3666,-0.2316,-0.1351,-0.5538,1.0356,-1.4634
-1.1643,0.6946,-0.2215,-0.0012,-0.1049,0.0406,0.1385,-0.2399,-0.7453,0.6958,0.5366,-1.0317,0.3104
-1.0371,0.6550,-0.3819,-2.1329,0.5913,1.0391,0.5964,-0.1155,1.1134,0.3749,-1.4237,0.2902,-1.6756
-1.0501,0.6285,-0.5668,-1.3230,0.1823,0.0902,0.4853,-0.1106,-0.4057,0.1449,-0.7666,0.7380,-1.9223
-1.4048,1.1560,0.1225,0.3199,0.1841,0.0526,-0.0075,-0.2134,-0.7269,1.3879,0.4930,-1.6043,0.0657
-1.1633,0.6678,-0.1751,-0.0674,-0.1212,0.0048,0.1155,-0.2942,-0.7756,0.6721,0.6930,-1.0102,0.2853
-1.1242,0.6584,-0.2655,-0.0633,-0.1253,-0.0133,0.1017,-0.2208,-0.8418,0.6347,0.6499,-1.1448,0.3396
-1.3280,0.8210,-0.4050,-0.6781,-0.0009,-0.1237,0.2055,-0.4192,-1.2545,0.2672,-0.3331,0.5537,-2.0695
-0.9694,0.4638,-0.7226,-1.1925,0.0449,0.0837,0.4328,-0.2453,-0.1785,-0.1482,-0.6746,1.0223,-1.3949
-1.1096,0.7691,-0.2003,-0.0881,-0.1609,-0.1026,0.0495,-0.1720,-0.7474,0.6597,0.6675,-1.0475,0.3158
-1.1372,0.5507,-0.4176,-1.8227,0.3354,0.7876,0.4210,-0.1587,0.6720,0.3424,-1.1302,0.8259,-1.5207
-1.0411,0.3771,-0.6984,-0.9840,-0.1094,0.0722,0.3766,-0.3823,-0.4173,-0.0679,-0.3470,1.0771,-1.2276
-1.1520,0.7018,-0.2149,-0.0163,-0.1209,-0.0118,0.0973,-0.2243,-0.8245,0.6822,0.5807,-1.1041,0.3293
-1.0904,0.7231,-0.3012,-2.0993,0.6078,0.9538,0.6061,-0.1084,1.0985,0.2851,-1.3932,0.2886,-1.6822
-1.3415,0.6883,-0.2371,-1.9705,0.4571,0.9748,0.4545,-0.4040,0.6980,0.6901,-1.0820,0.4892,-1.7963
-1.1424,0.6669,-0.1328,-0.5499,-0.0316,0.0190,0.2832,-0.1065,-0.5487,0.8048,0.6215,-0.7317,0.0249
-1.3379,0.9844,-0.2780,-0.7230,0.1611,-0.2422,0.2873,-0.4531,-1.2271,0.5181,-0.5903,0.3638,-2.3792
-1.1758,0.5166,-0.6031,-1.0334,-0.0428,-0.0248,0.4090,-0.1886,-0.6208,-0.0664,-0.5358,1.0670,-1.4618
-1.1163,0.8497,-0.4603,-1.0242,0.1695,-0.0883,0.2371,-0.2463,-0.4339,-0.1543,-0.3856,1.0061,-1.4770
-1.1486,0.7930,-0.3437,-1.4659,0.3556,0.3236,0.3178,-0.2171,0.1691,0.2845,-0.7046,0.6378,-1.4485
-1.1880,0.7249,-0.0637,-0.6147,0.0192,0.0205,0.2830,-0.1891,-0.4969,0.8094,0.6600,-0.6676,-0.0432
-1.3731,1.0722,-0.2757,-0.3021,0.1510,-0.1609,0.1851,-0.5927,-1.3988,0.8179,-0.5454,0.0521,-2.4472
-1.4644,0.9162,-0.3050,-0.3242,0.0073,-0.1786,0.1023,-0.5727,-1.3680,0.6763,-0.2784,0.1529,-2.2344
1.2506,-0.2615,-0.0850,0.1632,0.6991,-0.7915,1.5410,-1.0129,-0.4980,-1.0874,0.9760,-1.3621,0.7196
1.2085,-0.1820,-0.0662,0.0437,0.7335,-1.0567,1.3517,-0.8959,-0.4104,-1.1483,1.1991,-1.0914,1.4887
1.1229,-0.1078,-0.0629,1.2903,0.2059,-0.2079,0.6568,-0.2294,-0.2955,1.1128,0.8087,-0.1089,-0.0503
1.2869,-0.0892,-0.1722,0.9621,0.7980,-0.5441,1.6523,-0.9838,-0.4391,-0.9517,0.7806,-1.8619,-0.2314
1.2857,-0.1199,-0.1417,0.9353,0.7738,-0.6143,1.6370,-0.9909,-0.4703,-0.9393,0.7994,-1.8418,-0.2157
1.1961,-0.1860,-0.0242,0.1262,0.6718,-1.0591,1.4102,-0.9678,-0.4261,-1.2054,1.2177,-1.2398,1.3413
1.2481,-0.2840,-0.0431,0.1859,0.6819,-0.7752,1.5650,-1.0453,-0.5077,-0.9944,1.0163,-1.2875,0.5693
1.3277,-0.2799,-0.1972,0.3610,0.0001,-0.6852,0.5460,-0.4726,-0.8077,0.5796,1.0724,0.5055,0.7434
1.2037,-0.2082,-0.0423,0.0967,0.7152,-1.0511,1.4058,-0.9277,-0.3970,-1.1508,1.1853,-1.2111,1.3822
1.3449,-0.4097,-0.2378,-0.5448,0.2465,-0.4660,0.6200,-0.4128,-0.0660,0.9351,0.6958,0.9498,1.0968
1.2894,-0.0818,-0.1506,0.9655,0.8236,-0.5383,1.6669,-0.9928,-0.4207,-0.9525,0.8172,-1.8684,-0.2275
1.3886,-0.5632,-0.5163,0.2737,0.1852,-0.8090,1.4008,-0.8774,-0.5299,-1.0364,1.1088,-0.7516,0.7022
1.1889,-0.1936,-0.0087,0.0462,0.7112,-1.1021,1.3591,-0.8826,-0.3761,-1.1660,1.2409,-1.1186,1.4771
1.2137,-0.1786,-0.1538,-0.6139,0.8533,-0.6472,1.1997,-0.8782,0.4710,-0.3354,0.8454,-0.8606,1.7041
1.3916,-0.5576,-0.5215,0.3295,0.1799,-0.7853,1.3828,-0.8772,-0.5652,-1.0343,1.1185,-0.7806,0.6551
1.3245,-0.3166,-0.1641,0.2564,0.0040,-0.7300,0.5397,-0.4585,-0.8050,0.6085,1.1108,0.5898,0.8304
1.1094,-0.1250,-0.0623,1.2933,0.2012,-0.2248,0.6759,-0.1940,-0.3209,1.1162,0.8382,-0.1070,-0.0382
1.1838,-0.1600,-0.0869,-0.5424,0.8487,-0.8068,1.2481,-0.8464,0.4604,-0.4901,0.9201,-0.7016,1.7116
1.2513,-0.2651,-0.0534,0.1794,0.7026,-0.7939,1.5750,-1.0221,-0.4944,-1.0613,1.0347,-1.3655,0.6733
1.3425,-0.3972,-0.1848,-0.5083,0.2654,-0.5452,0.6325,-0.3905,-0.1127,0.8966,0.7329,0.9373,1.0958
1.3375,-0.4048,-0.2054,-0.5222,0.2544,-0.4932,0.6259,-0.3693,-0.0911,0.9529,0.7301,0.9287,1.0383
1.2785,-0.0852,-0.1653,0.9771,0.8197,-0.5313,1.6398,-0.9739,-0.3880,-0.9601,0.8018,-1.8487,-0.2393
1.1332,-0.1263,-0.0970,1.3227,0.2458,-0.1855,0.6612,-0.1898,-0.2948,1.1478,0.8088,-0.1102,-0.0559
1.3423,-0.2877,-0.1957,0.3982,-0.0010,-0.6758,0.5552,-0.4598,-0.8450,0.5674,1.0569,0.4903,0.7358
1.1966,-0.1606,-0.1035,-0.5828,0.8676,-0.7483,1.2499,-0.8331,0.4332,-0.4252,0.8965,-0.8141,1.7242
1.3392,-0.4131,-0.1760,-0.5230,0.2345,-0.5096,0.6390,-0.3791,-0.0954,0.9248,0.7431,0.9456,1.0987
1.3280,-0.3046,-0.1735,0.2451,0.0096,-0.7272,0.5309,-0.4577,-0.8157,0.5825,1.0694,0.6040,0.8564
1.1266,-0.1011,-0.1120,1.3457,0.2679,-0.1515,0.6298,-0.2077,-0.2619,1.1558,0.7972,-0.1156,-0.0531
1.2351,-0.2622,-0.0720,0.2068,0.6801,-0.8161,1.5857,-1.0548,-0.4819,-1.0644,0.9760,-1.3351,0.6388
1.3567,-0.5543,-0.4338,0.2609,0.1803,-0.8705,1.4097,-0.8508,-0.5226,-1.0595,1.1479,-0.7415,0.7227
1.3803,-0.5746,-0.4660,0.2563,0.1783,-0.8256,1.3803,-0.8402,-0.5100,-1.0338,1.1463,-0.7094,0.7426
1.2081,-0.1706,-0.1433,-0.4961,0.8466,-0.8025,1.2618,-0.8303,0.3271,-0.5369,0.9317,-0.7596,1.7757
1.2653,0.7703,-0.7222,-0.3126,0.4217,0.1003,0.5652,-1.2281,-0.4392,-1.3090,-0.3531,0.4047,-0.0742
1.3041,1.0815,-0.4979,0.7188,0.8514,0.6390,0.5928,-0.8493,-0.1367,-0.8554,-0.6651,-0.6949,-1.2868
1.2666,0.8761,-0.5592,-1.0593,0.7987,0.8682,0.4049,-1.2257,-0.0144,-0.4600,-0.8104,-0.0549,-0.1692
1.1970,0.8599,-0.6277,-0.4495,0.4965,0.1347,0.4477,-1.2479,-0.4757,-1.1096,-0.4170,0.2761,-0.1195
1.2141,0.8297,-0.6232,-0.4158,0.4982,0.1046,0.4517,-1.0337,-0.5681,-1.3050,-0.3845,0.1902,0.1755
1.3518,0.7967,-0.7019,0.4276,0.4141,0.4029,0.7419,-0.9528,-0.7369,-1.3058,-0.5421,-0.4429,-0.9601
1.3215,0.9952,-0.5906,0.5594,0.6799,0.5362,0.6177,-0.9677,-0.4312,-1.0456,-0.6506,-0.5740,-1.2127
1.2911,0.8272,-0.6402,-1.1547,0.6931,0.9213,0.3695,-1.0371,0.1386,-0.5205,-0.8715,-0.0278,0.0164
1.3380,0.9075,-0.6609,0.6504,0.5700,0.5095,0.7497,-0.9187,-0.4273,-1.1654,-0.6068,-0.5078,-1.2156
1.2956,0.8451,-0.5756,-1.1484,0.7662,0.9166,0.4066,-1.0630,0.0414,-0.4780,-0.8709,-0.1302,-0.0284
1.2830,0.9336,-0.4796,-1.3757,0.9670,1.2333,0.5026,-1.1391,0.3438,-0.3316,-1.0508,-0.3375,-0.2266
1.1392,1.0428,-0.4996,-0.3714,0.6697,0.1458,0.4279,-1.3996,-0.5636,-0.9176,-0.3752,0.1688,-0.4031
1.1527,0.9760,-0.5436,-0.3437,0.7095,0.1269,0.3689,-1.1817,-0.4886,-1.1881,-0.4421,0.1319,0.1329
1.1428,0.9602,-0.5021,-0.4007,0.7042,0.1068,0.4050,-1.1528,-0.3968,-1.2167,-0.4562,0.1926,0.1134
1.1398,1.0180,-0.4434,-0.3143,0.6362,0.0842,0.3846,-1.0844,-0.5586,-1.2802,-0.3093,0.0583,0.2097
1.1221,1.0274,-0.5164,-0.2878,0.6164,0.1419,0.3749,-1.3921,-0.5180,-0.9849,-0.3621,0.2864,-0.3858
1.2627,0.9231,-0.5123,-1.0751,0.8843,0.9047,0.4234,-1.2165,-0.0544,-0.4682,-0.8669,-0.1640,-0.1869
1.2677,0.9422,-0.5274,-1.0724,0.9356,0.9397,0.4603,-1.2444,-0.0259,-0.3959,-0.8871,-0.2168,-0.2860
1.3206,0.8230,-0.6661,-0.9178,0.6633,0.7078,0.3663,-0.9915,-0.2260,-0.6288,-0.7219,0.0328,0.0322
1.2447,0.8230,-0.6510,-0.4497,0.5105,0.1495,0.4532,-0.9802,-0.5815,-1.3086,-0.3838,0.1821,0.1918
1.1816,0.9148,-0.6118,-0.4620,0.5507,0.1216,0.4201,-1.0609,-0.5709,-1.2806,-0.4202,0.2372,0.1827
1.3382,1.0077,-0.5820,0.5886,0.6544,0.6428,0.6567,-0.7256,-0.4122,-1.0528,-0.6427,-0.6935,-1.2770
1.4195,0.5989,-0.3653,-0.2752,1.1272,-0.0970,0.2490,-1.7804,-0.3383,-1.0530,0.0725,0.2573,-0.4101
1.1960,0.8913,-0.6122,-0.4788,0.5244,0.1426,0.4163,-1.0161,-0.5501,-1.3237,-0.4282,0.2379,0.2255
1.3212,0.9831,-0.5548,0.5438,0.6724,0.5080,0.6610,-0.9572,-0.5176,-1.0896,-0.5951,-0.6426,-1.1680
1.2185,0.7910,-0.6526,-0.4494,0.4829,0.0901,0.5109,-1.1603,-0.3823,-1.1979,-0.3889,0.4076,-0.0308
1.3386,0.8465,-0.6854,0.5426,0.4795,0.4276,0.7678,-0.9750,-0.5717,-1.2152,-0.5814,-0.4584,-1.1478
1.2580,0.9273,-0.4854,-0.9453,0.8558,0.7575,0.4066,-1.1755,-0.2116,-0.4768,-0.8128,-0.1538,-0.2403
1.3079,0.9986,-0.5997,0.6515,0.6840,0.5247,0.6298,-1.0035,-0.4020,-0.9816,-0.6509,-0.5670,-1.2386
1.1360,1.0088,-0.5190,-0.3920,0.7330,0.1185,0.3886,-1.1792,-0.4478,-1.1973,-0.4478,0.1829,0.1719
1.2236,0.8849,-0.5602,-0.5168,0.5565,0.1356,0.4935,-1.2157,-0.4576,-1.2321,-0.3979,0.2157,-0.0737
1.1061,1.0451,-0.5056,-0.3606,0.6297,0.1334,0.3781,-1.4183,-0.5121,-0.9308,-0.4136,0.2925,-0.4187
1.1736,0.7725,0.8156,0.1285,-0.3287,-1.7317,-0.0957,-0.1675,0.4327,-0.1852,0.8060,0.1506,-1.7236
0.9679,1.2503,1.1905,0.0576,-0.1984,-1.9814,-0.0901,0.4594,1.0115,-0.5161,0.3722,-0.4467,-2.1098
1.1279,1.5142,1.2793,0.8051,0.3533,-1.4138,-0.3361,0.6684,1.1395,0.0312,0.4715,-0.4864,-1.5754
1.2993,0.5399,0.5716,-0.0901,-0.6124,-1.4592,0.0704,0.3276,0.4603,-0.7784,0.7354,0.1499,-1.4081
1.2571,0.5702,0.6550,-0.0594,-0.5190,-1.5299,-0.0451,0.0022,0.3754,-0.4373,0.9031,0.1543,-1.5080
1.2717,0.7823,0.7734,-0.4630,-0.1078,-1.7129,-0.0375,0.2816,0.5330,-0.5880,0.2909,-0.2498,-0.9544
1.0379,1.2326,1.0464,0.2622,-0.0020,-1.9261,0.0339,0.2448,1.0311,-0.4751,0.3168,-0.4402,-2.2376
0.9596,1.6343,1.4771,0.4355,0.1065,-1.4229,-0.3936,1.0825,1.2678,-0.0109,0.5726,-0.3654,-1.3932
0.9222,1.0315,0.8231,-0.3932,0.2594,-2.0067,-0.2676,-0.3167,0.0165,-0.0162,0.6583,-0.4676,-0.2950
1.2731,0.6714,0.6960,-0.1785,-0.6250,-1.3826,0.0542,0.7293,0.4127,-0.9389,0.4202,-0.0717,-1.5589
1.0048,1.6407,1.3716,0.5930,0.2640,-1.5174,-0.2829,0.7002,1.3961,0.0165,0.6273,-0.2896,-1.2213
1.0905,1.1799,1.0211,0.2449,0.0323,-1.8562,0.1168,0.2146,0.9454,-0.6294,0.3003,-0.5781,-2.2269
1.1460,1.1845,1.1459,0.3983,-0.1101,-0.9134,-0.2739,1.2967,0.1638,0.1177,0.4297,-0.6909,-2.1749
1.1225,0.9575,1.0713,-0.9008,-0.0048,-1.7908,-0.1184,0.5698,1.0793,-0.2853,0.0108,0.0146,-1.0901
1.0006,1.5223,1.3968,0.5711,0.1361,-1.3671,-0.3814,1.0510,1.2731,0.0737,0.5614,-0.4081,-1.5260
1.1406,0.8603,1.0419,-1.5000,0.0826,-1.0212,-0.0866,0.8300,1.7953,-0.0895,-0.4232,-0.0354,-0.9917
1.2717,0.8223,0.6312,0.2627,-0.3898,-1.5271,0.1305,0.3318,0.4942,-0.8234,0.3292,-0.3721,-1.9942
0.8807,1.4084,1.2572,0.1761,0.0138,-2.1555,-0.1496,0.2866,1.1704,-0.4336,0.3636,-0.3074,-2.0034
1.1032,1.0078,0.9238,0.2301,-0.3440,-1.6446,-0.1045,0.5674,0.7396,-0.4144,0.2928,-0.4885,-2.2649
1.1992,0.7114,0.6406,0.5317,-0.3022,-1.5500,0.0853,-0.2979,0.3854,-0.2084,0.7024,0.0838,-1.7399
1.1479,0.7925,0.8049,0.2870,-0.2529,-1.7261,-0.0637,-0.3830,0.2536,-0.0405,0.8658,0.0851,-1.6216
1.1517,1.2540,1.2042,0.5163,-0.0416,-1.0058,-0.3047,1.1574,0.4630,0.0274,0.4520,-0.7455,-2.0956
1.2961,0.4926,0.5791,-1.4863,-0.1665,-0.6821,-0.1723,0.9336,1.8557,0.0355,-0.2814,0.0653,-0.6967
1.2007,0.8541,0.7715,0.2472,-0.2163,-1.7202,0.0001,-0.3166,0.4628,-0.3444,0.7005,0.0862,-1.7158
1.0052,1.4961,1.4342,0.4321,0.0921,-1.6209,-0.3326,0.8514,0.9511,0.0316,0.5225,-0.5098,-1.7687
1.1652,0.8109,0.9861,-1.2974,0.1016,-1.1682,-0.0744,0.5744,1.5308,-0.0624,-0.3378,0.0079,-1.0696
1.1927,0.7435,0.7843,-0.0965,-0.3733,-1.6608,-0.1265,-0.0667,0.3855,-0.2468,0.8415,0.1525,-1.6729
1.6357,-0.1720,-0.6447,-0.0033,0.1881,0.1408,-0.3854,1.0192,0.4498,-0.9130,0.0899,-0.3082,1.0597
1.0881,1.1269,0.9711,0.3601,-0.1996,-1.6175,-0.0797,0.5938,0.9726,-0.2511,0.2857,-0.5334,-2.4245
1.3041,0.6566,0.6545,-1.4183,0.1020,-0.6674,-0.1700,0.4456,1.9375,0.1427,-0.4150,-0.1397,-0.7405
1.1857,0.5832,0.7486,-0.1460,-0.5113,-1.6118,-0.0862,-0.0211,0.2732,-0.1578,0.9670,0.1769,-1.6642
0.6192,-0.0805,1.3170,-1.5925,0.3744,1.9496,-0.7365,0.7981,-0.3920,-0.3477,-0.1043,0.1692,-0.2865
0.4017,-0.1988,2.6362,-1.7866,0.2596,2.2342,-0.3831,2.1605,-0.9692,-1.1176,-0.3705,0.1714,-0.4186
0.4325,-0.5979,1.7849,-0.9333,-0.4828,0.8376,-0.2272,1.5870,-1.6774,-1.6505,0.3612,0.7586,-0.0382
0.6893,-0.1947,2.4213,-2.2769,1.0326,3.2586,-0.2649,1.5709,-0.1101,-1.0470,-0.8263,-0.9225,0.1375
0.5484,0.2744,1.9704,0.2449,-0.3604,1.8528,-0.4966,3.2174,-2.2026,-1.2090,-0.4047,-0.2634,-1.3004
0.4949,-0.4506,1.8514,-0.7889,-0.5163,1.3177,-0.4923,2.0503,-1.9871,-1.8101,0.1796,0.8071,-0.3945
-0.0174,0.5877,2.1928,1.3460,-0.0046,0.9859,-0.2559,0.7848,0.8358,-0.7558,-0.8404,0.1907,0.8812
0.0674,-0.1036,1.9031,-0.0703,-0.6672,0.7019,-0.3082,0.2875,-1.2547,-1.0857,-1.0944,-0.1195,0.4058
0.4532,0.1315,2.1185,-0.1908,-0.4801,1.5860,-0.6723,2.8717,-2.3960,-1.6096,-0.2076,0.1452,-0.0262
0.3632,-0.3480,2.0712,-0.5918,-0.4998,1.1218,-0.5197,1.8966,-2.0938,-1.7257,0.3768,0.6623,-0.3491
0.2460,-0.3346,1.5794,0.2056,-0.8355,0.5001,-0.0931,-0.2536,-1.0998,-1.2111,-0.6732,0.1488,0.9421
0.4811,-0.4159,1.8233,-0.3752,-0.5704,1.1182,-0.4534,1.5395,-2.2241,-1.4125,0.5533,0.5123,-0.3013
0.4968,-0.0359,2.2121,-0.7643,-0.2544,1.6599,-0.6211,2.8912,-2.2150,-1.5063,-0.3681,0.3133,-0.3143
0.5970,-0.5689,1.5266,-1.9446,-0.1243,1.7116,0.2713,1.9141,0.2377,-1.2944,-0.8694,0.9621,0.5833
0.1088,0.1915,2.6601,-0.5110,-0.3104,1.2317,-0.7381,2.6046,-2.2534,-1.7728,-0.0270,0.4470,-0.0569
0.3980,1.0037,1.9978,1.1326,0.4316,1.9966,-0.3808,3.7836,-0.8122,-0.9896,0.1260,-0.0276,0.0174
0.6717,-0.7487,1.4349,-1.5927,-0.3622,1.7273,-0.2698,2.1013,-0.4463,-1.4538,-0.2884,0.9339,0.4577
0.3574,0.7880,2.2995,0.7899,0.0631,1.7921,-0.7559,3.0929,-1.0613,-1.1884,0.3298,0.0703,-0.4941
0.5548,-0.1748,2.5743,-2.2720,0.9871,3.0501,-0.2229,1.3292,0.0188,-1.2198,-0.5499,-0.7170,0.1372
0.2697,0.6939,2.4428,0.6014,-0.0148,1.6044,-0.6599,2.9448,-1.2271,-1.3106,0.3253,-0.0124,-0.6541
0.1766,-0.1163,2.0764,-0.6570,-0.2101,1.0901,0.0401,0.0284,-0.5902,-0.7368,-1.4606,-0.3101,0.4480
0.8172,-0.4825,1.6120,-1.4943,-0.1627,2.2464,-0.4579,2.9494,-1.5848,-1.2249,-0.9526,0.2071,-0.4659
0.5480,0.8250,1.7986,0.8700,0.1636,2.1226,-0.2343,3.4986,-1.0767,-1.0855,0.0209,-0.0185,-0.7090
0.5243,-0.0363,2.4773,-1.6137,0.1088,2.3096,-0.5285,2.4077,-1.3519,-1.1119,-0.5291,-0.0518,-0.2795
0.1041,0.0613,1.9117,0.3171,-0.7286,0.6055,-0.2627,0.2534,-1.1881,-1.2667,-1.0589,-0.2036,0.5954
0.7027,-0.2776,1.5886,-0.5834,-0.6611,1.8371,-0.5399,3.0171,-2.4555,-1.1953,-0.5542,-0.0006,-0.5355
0.3856,0.2074,2.1852,-0.3980,-0.5133,1.5520,-0.6899,2.7271,-2.3143,-1.8349,-0.0315,0.0404,-0.1782
0.5105,-0.5129,1.8595,-0.8998,-0.4410,1.2605,-0.3393,1.7669,-1.8417,-1.4953,0.3485,0.9030,-0.3635
0.6646,-0.1969,2.3519,-2.3719,0.8860,3.2686,-0.2143,1.8588,-0.1516,-0.8370,-0.9112,-0.8230,0.0707
0.1689,0.5500,2.6634,0.4524,-0.0964,1.3598,-0.7937,2.7729,-1.6685,-1.4450,0.1819,-0.0695,-0.7135
0.4644,-0.0558,2.4675,-1.5140,0.0513,2.1559,-0.5701,2.3795,-1.4660,-1.1601,-0.4417,-0.0383,-0.2797
0.3129,0.7578,2.3772,0.7519,0.0319,1.7095,-0.6962,3.0636,-1.1293,-1.1999,0.2854,0.0183,-0.4973
1.0502,0.6424,-0.2242,-1.0585,-0.0649,-0.3614,1.0068,1.0097,0.0796,1.4163,0.7448,2.4722,0.1880
1.1910,0.6068,-0.4638,-0.7173,-0.1050,-0.6685,1.2341,0.8627,-0.2355,1.1064,0.6834,2.4657,0.5016
1.1993,0.7280,-0.3963,0.4541,0.1308,0.1608,1.2004,1.4511,0.1594,1.6901,0.0577,1.5504,0.2546
1.2098,0.3956,-0.4800,-1.8078,0.2341,0.6758,1.1811,1.0458,1.4854,1.8584,0.1211,1.3669,0.5934
1.2800,0.3409,-0.5723,-1.6890,0.2102,0.5890,1.0780,0.9905,1.1995,1.8527,0.1012,1.5692,0.5373
1.2761,0.4113,-0.6300,-0.9608,-0.0676,-0.5676,1.3055,1.1270,-0.0112,0.8999,0.4305,2.5077,0.9931
1.1923,0.6997,-0.3836,0.3765,0.0411,0.1415,1.1397,1.4392,0.0504,1.6503,0.0904,1.4960,0.2221
1.0730,0.5006,-0.3876,-0.8872,-0.0883,-0.5076,1.0621,1.2973,0.0064,1.1673,0.6332,2.4745,1.0307
1.2859,0.4649,-0.6101,-0.7012,-0.1527,-0.6778,1.3061,1.0518,-0.2632,0.7587,0.5938,2.3604,0.9074
1.0706,0.5463,-0.3683,-1.1119,-0.0036,-0.4251,1.1672,1.3569,0.3914,1.0650,0.5476,2.6201,1.1021
1.4021,0.2948,-0.7976,-1.0842,0.3371,0.1155,1.3243,0.8505,0.5605,1.6606,-0.0091,1.6604,0.4953
1.0705,0.5206,-0.3580,-0.9389,-0.1033,-0.5501,1.1578,1.3402,0.0632,1.0620,0.6788,2.5871,1.0910
1.4089,0.4991,-0.6288,0.2270,0.0328,0.1358,1.3921,1.0610,-0.1784,1.4740,0.2780,0.9684,0.0372
1.2658,0.2823,-0.6393,-1.2595,0.0247,0.1872,1.0030,1.2246,0.6885,1.8529,0.2570,1.8342,0.7691
1.0830,0.5997,-0.1998,-1.2163,-0.0304,-0.2267,1.0528,1.0586,0.1668,1.4376,0.6440,2.2249,0.1713
1.0071,0.5594,-0.3030,-1.1348,-0.0454,-0.4917,1.1816,1.4139,0.3282,1.0307,0.5885,2.6278,1.0903
1.2297,0.5779,-0.4890,-0.8440,-0.0564,-0.6035,1.2596,0.8594,-0.0832,1.0136,0.5493,2.4654,0.6531
1.2630,0.3852,-0.6266,-0.8929,-0.1388,-0.5664,1.2879,1.1503,-0.0532,0.8793,0.4861,2.5197,1.0069
1.0733,0.6275,-0.2805,-0.9537,-0.1128,-0.3659,0.9999,1.0083,-0.0304,1.4117,0.7248,2.4502,0.2534
1.8657,-0.5782,-1.4674,-0.5728,0.1770,1.6433,-0.0428,1.7208,1.1887,-0.2000,-0.3250,0.3971,1.2510
1.2595,0.3401,-0.5140,-1.6845,0.1943,0.5420,1.1630,1.1042,1.2943,1.8644,0.0959,1.4616,0.5686
1.1900,0.6921,-0.3949,-0.4908,-0.0298,-0.6163,1.1888,0.7578,-0.5192,1.3656,0.7750,2.2937,0.1938
1.2722,0.5585,-0.4727,0.2284,0.0169,0.2044,1.1906,1.2935,-0.0657,1.7055,0.2120,1.2241,0.1093
1.2472,0.4103,-0.6297,-0.9209,-0.0923,-0.5314,1.3075,1.1636,-0.0658,0.9545,0.4710,2.5169,0.9024
1.3080,0.7940,-0.4727,0.6908,0.3895,0.1524,1.4784,1.2097,0.3251,1.4922,-0.0950,1.5205,0.1084
1.0695,0.6126,-0.3154,-0.8253,-0.1266,-0.4023,0.9986,0.9609,-0.1803,1.4813,0.8044,2.4420,0.2148
1.2312,0.7641,-0.4160,0.5752,0.1972,0.1901,1.2647,1.4530,0.2185,1.6239,0.0225,1.5396,0.2364
1.4567,0.2080,-0.7956,-1.3906,0.2005,0.2915,1.1881,0.9198,0.8033,1.7004,0.0488,1.7276,0.8281
1.4621,0.2724,-0.7987,-1.2922,0.1647,0.1039,1.2198,1.0463,0.7699,1.5570,0.0033,1.6972,0.8372
1.2487,0.6540,-0.4290,-0.7348,-0.0328,-0.6258,1.2446,0.7372,-0.2857,1.1357,0.6716,2.3371,0.3808
1.0990,1.1211,-0.8330,1.7383,1.7321,0.8196,0.5376,-0.3887,0.9583,-0.5309,-1.1319,-0.0631,-0.4661
1.2411,0.7028,-0.8350,-1.1379,0.4847,0.4938,0.5575,-0.5728,0.0944,-0.5606,-1.0873,-0.0264,0.3574
0.9209,1.1351,-0.7988,0.2712,0.6208,-0.1704,0.4518,-0.7218,-0.4794,-0.8159,-0.8070,0.0949,-0.3263
1.1577,1.0980,-0.6932,1.4430,1.3505,0.8837,0.5751,-0.1139,0.7194,-0.7530,-0.9762,-0.4365,-0.7037
0.9408,1.3117,-0.7135,1.6339,1.7672,0.8705,0.1081,-0.1553,1.1978,-0.0022,-1.0805,0.6365,-0.0924
1.1870,0.7750,-0.8142,-1.2319,0.7828,0.5762,0.5432,-1.0097,0.0961,-0.1338,-1.0643,-0.0821,0.2458
1.0143,1.1448,-0.8161,0.2543,0.5902,-0.0635,0.4713,-1.3393,-0.6830,-0.6968,-0.6010,0.3352,-0.5639
0.8127,1.2101,-0.2438,1.6608,2.9383,0.6439,-0.2484,0.2654,1.8398,0.0303,-0.5781,1.7836,2.1317
0.8916,1.1362,-0.7423,0.3001,0.5684,-0.3090,0.4179,-0.7112,-0.4182,-0.7223,-0.6911,0.2820,-0.2606
0.9864,0.9338,-0.8530,-0.5896,0.5207,0.0000,0.3913,-0.8063,-0.4848,-0.2292,-0.8937,0.3956,-0.1990
1.0593,0.8566,-0.8605,-0.7540,0.5590,0.1859,0.3370,-0.8943,-0.4505,0.0039,-0.9730,0.3160,-0.1309
1.0009,0.9291,-0.7747,-0.8080,0.6026,0.1802,0.4278,-0.8634,-0.3140,-0.0259,-0.9647,0.4064,-0.2994
0.8448,1.2321,-0.6931,0.3583,0.5737,0.0013,0.2809,-0.9487,-0.3217,-0.5802,-0.8310,0.5562,-0.5570
1.2891,0.6552,-0.8629,-1.3081,0.4828,0.7079,0.5068,-0.4948,0.1663,-0.4435,-1.1086,-0.1729,0.4617
1.1538,1.0738,-0.7063,1.5206,1.3267,0.9318,0.5407,-0.1140,0.7105,-0.6243,-1.0164,-0.4087,-0.7071
1.2392,0.7701,-0.9406,0.0412,0.1968,0.0799,0.5764,-0.4038,-0.7807,-1.2795,-0.6059,-0.4328,-0.1014
1.1014,1.0059,-0.7339,-0.1223,0.3026,0.0441,0.4920,-0.9198,-0.6434,-1.0292,-0.5803,0.1287,-0.4221
0.9380,1.1638,-0.8310,0.1066,0.6743,-0.1841,0.4844,-1.3570,-0.6662,-0.7570,-0.6791,0.4666,-0.3959
1.1442,0.9735,-0.7614,-0.1249,0.2940,0.1022,0.5211,-0.9054,-0.7366,-1.0244,-0.4963,0.0583,-0.4115
0.7299,1.2811,-0.1396,1.3350,2.5512,0.4779,-0.3375,0.1978,1.7410,-0.0355,-0.7195,2.1531,1.9542
0.8881,1.2810,-0.6826,1.3973,1.6458,0.6277,0.2679,-0.2797,1.1612,-0.3133,-0.9145,0.5793,-0.2156
0.9039,1.1207,-0.7717,0.4480,0.6039,-0.0073,0.3882,-0.7898,-0.2275,-0.7605,-0.9288,0.2723,-0.5781
0.8631,1.1315,-0.5312,-1.1220,1.0768,0.3709,0.5945,-0.9230,0.0751,-0.1701,-1.1771,0.1109,-0.5699
1.2523,0.7275,-0.9401,0.1452,0.1901,0.0923,0.6638,-0.4056,-0.7596,-1.3545,-0.6010,-0.4559,-0.1917
0.9698,1.0226,-0.8587,-0.3175,0.6037,-0.1887,0.4708,-0.8936,-0.5948,-0.7188,-0.8217,0.2519,-0.3513
0.6584,1.4002,-0.6605,-0.0627,0.5701,-0.3048,0.0249,-0.7392,-0.1923,-0.8012,-0.9128,1.0817,-0.0076
0.9860,1.0015,-0.7594,-1.2772,1.2014,0.5759,0.6518,-1.2083,0.1281,-0.0401,-1.1264,-0.3015,-0.1364
0.7942,1.2789,-0.7529,0.2055,0.5481,-0.3580,0.2606,-0.6995,-0.3163,-0.6408,-0.7318,0.6151,-0.0981
0.8445,1.1999,-0.7267,0.1870,0.5246,-0.0282,0.2298,-1.0563,-0.4360,-0.5548,-0.7482,0.6302,-0.5112
1.1797,0.8687,-1.0013,0.2145,0.4529,-0.1148,0.6523,-0.7936,-0.7930,-1.1154,-0.6379,-0.3476,-0.1264
0.8488,1.1341,-0.7498,0.1992,0.5090,-0.3096,0.3536,-0.7016,-0.4404,-0.6509,-0.7098,0.3839,-0.1845
1.0056,1.2065,-0.7754,1.5092,1.3620,0.6290,0.2415,-0.3803,0.7789,-0.0923,-1.1084,0.3049,-0.5789
-1.5799,1.1139,-0.5692,-0.4403,-0.4165,-0.2505,-0.9585,-0.5791,1.1665,-2.5495,1.4776,1.2853,1.1977
-1.7259,1.1421,-0.5843,-0.4145,-0.4236,-0.6858,-0.8468,-0.0560,0.9915,-2.9343,0.8814,0.6472,0.3331
-1.7807,1.2905,-0.4133,0.2782,0.0237,-0.2310,-0.8446,0.4056,1.6990,-2.0613,1.0359,0.2703,-0.0097
-1.8528,1.3896,-0.3693,-0.5883,-0.1877,-0.5177,-0.9137,-0.4197,1.6783,-2.7694,1.1142,1.2034,0.7442
-1.6785,1.1591,-0.6111,-0.1695,-0.3440,-0.5067,-0.9658,0.0589,0.9122,-2.7173,1.0438,0.4190,0.0535
-1.5429,0.9269,-0.8057,-0.4577,-0.5413,-0.3701,-0.8910,0.3648,0.3656,-2.5995,0.9223,0.2531,0.9689
-1.8849,1.4106,-0.3443,-0.6092,-0.1872,-0.6258,-0.9699,-0.3866,1.5364,-2.3580,1.0252,0.7635,0.7785
-2.0420,1.3646,-0.4812,-0.6740,-0.3426,-0.9845,-0.7240,0.2390,0.9606,-2.6902,0.4726,0.5739,0.8800
0.5280,-0.3019,-1.4796,-0.3780,0.0104,1.2442,-0.6171,1.4356,1.2121,-1.9303,-0.1644,0.4778,1.8125
-1.7144,1.2275,-0.4508,-0.5456,-0.2991,-0.4421,-0.9255,-0.5791,1.3754,-2.3989,1.3293,1.1873,0.9839
-1.4593,0.7937,-0.8147,-0.7700,-0.6108,-0.2239,-1.0020,0.0067,0.7908,-2.4536,0.9314,0.8685,1.6112
-1.5952,1.0864,-0.6455,-0.0357,-0.3749,-0.4221,-0.9053,0.0850,1.1477,-2.6667,1.0671,0.5255,-0.0662
-1.5337,0.9131,-0.5784,-1.5214,-0.0488,0.7493,-0.7749,0.0371,2.0021,-1.5963,-0.0584,0.4316,1.0282
-1.7871,1.1731,-0.5354,-0.5928,-0.3515,-0.6629,-0.8207,0.2339,0.8797,-2.8298,0.9360,0.6048,1.1836
-1.6377,1.1803,-0.5640,0.1687,-0.1972,-0.2939,-0.8805,0.2170,1.3297,-2.4393,1.0953,0.6018,-0.0920
-1.7889,1.2850,-0.4384,-0.6264,-0.2288,-0.5710,-0.9793,-0.4477,1.2620,-1.8954,1.0296,0.3812,0.8707
-1.5755,1.1908,-0.6533,0.3797,-0.3345,-0.2197,-0.9069,0.3559,1.0888,-2.5057,0.9640,0.2280,-0.1010
-1.8419,1.1527,-0.3959,-1.3371,0.0320,0.3024,-0.6530,0.1049,2.1513,-1.9410,0.1047,0.2002,0.7179
-1.9019,1.3095,-0.4602,-0.0324,-0.1162,-0.6795,-0.7663,0.3519,1.1016,-2.3935,0.5695,0.2873,0.0479
-1.6596,1.0498,-0.5700,-1.1547,-0.2127,0.0464,-1.0205,0.0198,1.5784,-1.7928,0.6633,0.6691,1.0025
-1.4496,0.7685,-0.8258,-0.8880,-0.5180,-0.1266,-0.8682,0.1986,0.8395,-2.3699,0.7827,0.6857,1.3938
-1.9246,1.1746,-0.4211,-1.1449,-0.0879,-0.2156,-0.6019,0.2967,1.8047,-2.4434,-0.2469,0.6357,0.7350
-1.5417,0.9250,-0.7812,-0.3475,-0.6152,-0.4270,-0.9147,0.3489,0.3333,-2.5603,0.9620,0.1496,0.9151
-1.8655,1.2432,-0.4985,-0.2756,-0.1835,-0.6956,-0.7180,0.1690,1.1523,-2.6765,0.6982,0.6675,0.0635
-2.0898,1.3217,-0.5433,-0.6993,-0.4662,-1.0266,-0.8486,0.2189,0.8775,-2.3761,0.3186,0.2535,0.7354
-1.7013,0.9757,-0.7080,-0.6028,-0.5246,-0.6448,-0.7264,0.5528,0.2990,-2.3985,0.4914,-0.0338,0.7357
-1.8754,1.3654,-0.3851,-0.7054,-0.1718,-0.6694,-0.8976,-0.3769,1.5873,-2.4142,0.9773,0.7769,0.7424
-1.6747,1.0758,-0.6384,-0.7146,-0.3110,-0.4751,-1.0774,0.0192,1.2245,-2.3689,0.8784,0.9236,1.2373
-1.8442,1.3586,-0.3582,-0.6235,-0.1824,-0.5396,-0.9910,-0.5319,1.4568,-2.2958,1.2118,0.8991,0.8994
-1.6250,0.8514,-0.6818,-0.3576,-0.5419,-0.6104,-0.7411,0.3420,0.2271,-2.3588,0.6416,-0.3182,0.6726
-1.6918,1.1876,-0.4902,-0.5599,-0.3295,-0.4959,-0.9397,-0.5656,1.3155,-2.3508,1.2659,1.0390,1.0662
0.6509,-0.2385,-0.0609,0.6044,-0.9898,-0.6876,-1.0858,-0.3971,-0.3868,-0.4059,-0.9706,-1.1279,1.1918
0.6352,-0.0935,-0.0353,1.0122,-0.8070,-0.4902,-1.0869,-0.3323,-0.0633,-0.2106,-1.2332,-1.3181,0.8592
0.2990,0.0075,0.3858,0.1550,-0.8191,-1.2538,-1.5337,-0.6811,-0.2785,-0.1534,-1.1370,-0.9295,2.4723
0.7206,-0.5725,-0.2261,-0.4571,-0.8323,-0.5736,-1.2025,-0.4934,0.0153,0.3273,-1.0740,-0.5794,2.2687
0.5439,-0.2269,0.0223,0.1108,-0.9439,-0.9630,-1.3978,-0.5345,-0.4845,-0.2375,-1.0695,-0.7840,2.1958
0.3213,-0.0193,0.3557,0.1642,-0.8147,-1.2031,-1.4969,-0.7252,-0.2849,-0.1589,-1.1231,-0.9815,2.4697
0.6455,-0.4940,-0.1190,-0.8117,-0.6762,-0.4125,-1.1960,-0.5529,0.5415,0.6432,-1.3586,-0.5959,2.1484
0.5518,-0.2591,0.0102,0.1292,-0.8975,-1.0172,-1.2154,-0.7401,-0.4842,0.1612,-1.1225,-0.9596,1.7835
0.6063,-0.3718,-0.0649,0.2183,-0.9912,-0.9568,-1.1326,-0.7838,-0.2748,-0.1903,-0.9560,-0.6252,1.8296
0.5027,-0.3060,0.0939,-0.0980,-0.7822,-0.8953,-1.3720,-0.6848,-0.3283,0.2837,-1.2249,-0.9571,2.3083
0.3319,-0.0432,0.3227,0.1551,-0.8318,-1.2146,-1.5076,-0.7135,-0.2844,-0.1940,-1.1052,-0.9661,2.4580
0.5329,-0.0493,0.1230,0.8957,-0.6921,-0.6086,-1.2197,-0.5013,0.0264,0.0496,-1.2705,-1.3840,0.9419
0.4793,-0.0116,0.1838,0.6954,-0.7822,-0.7893,-1.2372,-0.5978,-0.1460,-0.0930,-1.2874,-1.3825,1.2016
0.7043,-0.5134,-0.1829,-0.6331,-0.7204,-0.4454,-1.1943,-0.5619,0.2584,0.5627,-1.2450,-0.6042,2.1324
0.4921,-0.3236,0.0696,-0.1504,-0.8082,-0.8689,-1.4300,-0.6909,-0.2605,0.3725,-1.2247,-0.9250,2.3456
0.5023,-0.3139,0.0736,-0.1584,-0.7881,-0.8662,-1.4333,-0.7051,-0.2111,0.3954,-1.2399,-0.8591,2.2985
0.4734,-0.2767,0.1136,-0.1788,-0.7780,-0.9229,-1.4393,-0.6473,-0.2176,0.3562,-1.2126,-0.8645,2.3777
0.4313,-0.0076,0.2556,0.6088,-0.8093,-0.8717,-1.2595,-0.5326,-0.1440,-0.0578,-1.2178,-1.3403,1.2347
0.6104,-0.3944,0.0033,-0.2699,-0.7457,-0.7510,-0.6352,0.0692,-0.5464,-0.6416,-0.9435,-0.3383,1.9529
0.6718,-0.5231,-0.1881,-0.3361,-0.8679,-0.6730,-1.2530,-0.5763,-0.0560,0.2163,-1.0832,-0.5581,2.2830
0.5735,-0.3087,-0.0043,0.1334,-0.9209,-1.0474,-1.1244,-0.7448,-0.4039,-0.0650,-1.0747,-0.8068,1.8414
0.3856,-0.0404,0.3039,0.1939,-0.7636,-1.1801,-1.3959,-0.6772,-0.3590,-0.2767,-1.2250,-1.0561,2.4216
0.6594,-0.1281,-0.0380,0.8951,-0.8380,-0.5264,-1.0524,-0.3486,-0.1233,-0.2745,-1.1219,-1.2700,0.8635
0.3915,-0.0894,0.2446,0.1190,-0.8586,-1.0986,-1.4188,-0.9110,-0.3915,0.2791,-1.1608,-0.8864,1.7071
0.4622,-0.0177,0.2115,0.7128,-0.7736,-0.7789,-1.2653,-0.5969,-0.0825,0.0008,-1.2262,-1.3687,1.1188
0.6423,-0.0590,-0.0187,1.0260,-0.7689,-0.4531,-1.1064,-0.2672,-0.1151,-0.1728,-1.2322,-1.3326,0.8957
0.5955,-0.2735,-0.0476,0.1433,-0.9593,-0.9264,-1.2969,-0.5108,-0.4624,-0.3467,-1.0330,-0.7998,2.1542
0.3514,-0.1006,0.3127,0.0863,-0.8331,-1.1162,-1.4332,-0.8685,-0.3767,0.4186,-1.2078,-0.9493,1.6223
0.5494,-0.2146,0.0080,0.1264,-0.9631,-0.9528,-1.3823,-0.4537,-0.5397,-0.1830,-1.0392,-0.8155,2.1329
0.4066,-0.1541,0.2383,0.0974,-0.8846,-1.0659,-1.4288,-0.9345,-0.3209,0.2874,-1.0657,-0.8180,1.7146
0.4094,-0.1042,0.2528,0.1528,-0.8594,-1.0469,-1.4001,-0.8988,-0.3724,0.2756,-1.1556,-0.8923,1.7239
0.5625,-0.2746,-0.0062,0.1425,-0.9320,-1.0197,-1.1998,-0.7528,-0.4255,-0.0187,-1.1033,-0.8366,1.8822
0.2884,-0.2799,0.0874,-0.1242,-1.5290,-1.1217,-0.5829,0.5025,1.2544,1.0519,1.6506,0.3416,-0.3650
0.9481,-0.1126,-0.2162,-0.7620,-1.0529,-0.9528,-0.5748,0.9250,1.7815,1.3465,0.2503,-0.6421,0.6648
0.4575,-0.5719,-0.2115,-0.8106,-1.2993,-0.4838,-0.4021,0.8266,1.7196,1.8698,0.6036,-0.2948,0.1182
0.8758,0.5593,0.2792,1.4380,-0.5777,-0.3424,-0.7571,1.5945,1.7042,1.5683,0.6865,-1.1903,-0.4687
0.4825,-0.6794,-0.2514,-1.1376,-1.1755,-0.2814,-0.3298,0.7653,2.2244,1.8920,0.5590,-0.4113,0.1770
0.3092,-0.1732,0.1362,0.3240,-1.6044,-1.1343,-0.5673,0.4789,1.0938,0.9747,1.7006,0.0473,-0.5944
0.2214,0.2712,0.3076,1.8656,-0.6422,-0.0843,-0.5087,1.2932,2.0491,1.8484,1.1584,-0.5706,-1.2566
0.1546,0.2416,0.3761,1.8092,-0.7918,-0.2682,-0.5834,1.3446,1.8333,1.9286,1.2702,-0.8156,-1.5029
0.8574,-0.0023,-0.0899,-1.1806,-1.0694,-0.4721,-0.6513,0.5258,2.3774,1.9451,0.3378,-0.7023,0.7799
0.3202,-0.1753,0.1322,0.0373,-1.5500,-1.1272,-0.6229,0.8937,0.8020,1.1014,1.2959,-0.1312,-0.1028
0.9678,0.4683,0.1285,1.0330,-1.0639,-0.6134,-0.5557,1.4546,1.0810,0.9446,0.6351,-1.3018,-0.7932
0.3789,-0.7035,-0.1893,-0.7661,-1.3434,-0.5408,-0.2854,0.7642,1.7332,1.7470,0.7722,-0.2411,0.0738
0.7102,0.3072,0.3915,-0.0637,-1.2660,-1.3844,-0.6208,0.9132,1.2069,0.6439,0.8070,-0.8040,0.3407
0.2625,-0.2179,0.2100,-0.3345,-1.4972,-1.1868,-0.6617,0.5472,1.3672,1.2840,1.6331,0.2961,-0.4923
0.7583,0.1634,-0.0348,-1.2836,-1.0851,-0.2712,-0.5933,0.1958,2.7837,1.9302,0.3706,-0.7288,0.9144
0.8158,0.2898,0.2862,-0.3445,-1.2090,-1.4382,-0.7369,0.7768,1.0363,1.0697,0.8984,-0.5253,0.1219
0.9510,-0.2102,-0.2505,-0.6101,-1.1175,-0.9638,-0.5234,0.9339,1.6620,1.3160,0.2495,-0.6051,0.5985
0.2402,0.2031,0.2894,1.7482,-0.9132,-0.2889,-0.4588,1.2279,1.6468,1.6283,1.1040,-0.9764,-1.6199
0.2488,-0.4967,0.0032,-1.5202,-1.0098,0.0988,-0.2603,0.4312,2.8467,2.3850,0.5556,-0.5926,-0.1934
0.8492,0.2861,0.2924,-0.3096,-1.1646,-1.4203,-0.7099,0.6611,0.9998,1.1087,0.9060,-0.4776,0.0790
0.7640,0.2645,0.3510,-0.6129,-1.1494,-1.3031,-0.7491,0.6443,1.3746,1.1918,0.8160,-0.2112,-0.0691
0.3183,-0.4471,-0.0319,-0.1764,-1.4728,-0.9728,-0.3488,0.8524,0.8505,0.8074,1.2348,-0.0686,-0.1455
0.7592,0.3093,0.4040,-0.1728,-1.1796,-1.4096,-0.6155,0.9742,1.2821,0.5650,0.6430,-0.6892,0.3902
0.3182,-0.3807,0.0295,-0.2623,-1.5500,-1.1810,-0.5361,0.5879,1.3760,0.8905,1.5653,0.4278,-0.2338
0.2860,-0.4178,-0.0022,0.0456,-1.6119,-1.0631,-0.3876,0.7634,0.8956,0.7985,1.4695,-0.1711,-0.4059
0.6324,0.3492,0.4775,-0.3159,-1.1807,-1.3914,-0.7203,1.1270,1.3537,0.6245,0.7961,-0.2587,0.6343
0.3635,0.1868,0.2570,1.6496,-0.9607,-0.2806,-0.4728,1.2806,1.4354,1.5799,1.1077,-1.0533,-1.6698
0.7686,0.2855,0.3178,-0.0318,-1.3250,-1.3777,-0.6667,0.6327,1.0422,1.0788,1.0517,-0.4666,-0.0544
0.1062,-0.2008,0.2407,0.2094,-1.5586,-1.1773,-0.4101,0.8281,0.9166,1.1838,1.4680,-0.3084,-0.8847
0.9519,0.4642,0.1200,1.1020,-1.0322,-0.5494,-0.6114,1.4612,1.1133,1.0632,0.5717,-1.3348,-0.8138
0.8478,0.6353,0.2940,1.4907,-0.4849,-0.2802,-0.6393,1.6110,1.8937,1.5920,0.6556,-1.0238,-0.4254
0.6153,0.4618,0.5167,-0.0623,-1.2767,-1.4541,-0.7229,0.8981,1.2076,0.6201,0.9814,-0.6891,0.3925
0.0260,0.3177,0.3996,0.6288,-0.1719,-0.1196,-2.4621,-0.6442,-1.0979,1.1792,-0.7586,0.8388,-1.2660
0.0552,-0.0529,0.2609,-0.9658,-0.1312,-0.0843,-2.3457,-0.9384,-0.8152,1.3810,-1.2788,1.5522,-0.2446
0.0068,0.0107,0.3655,-1.1723,0.0146,0.0107,-2.3711,-0.9221,-0.5523,1.4843,-1.3565,1.5259,-0.2613
-0.0472,0.3734,0.5174,0.4623,-0.1056,-0.2854,-2.4787,-0.5857,-1.0349,1.0938,-0.8329,0.7760,-1.3141
0.0246,0.1030,0.2691,-0.1675,-0.4644,-0.5285,-2.5132,-1.0217,-1.5715,0.6318,-0.7849,1.3319,-0.3737
-0.0919,0.2034,0.4471,-0.5641,-0.0467,-0.3303,-2.3302,-1.0638,-1.2995,1.5966,-1.5210,1.1325,-0.4208
-0.0265,0.6508,0.5596,1.1896,0.0788,0.0581,-2.4399,-0.5170,-0.5493,1.3503,-1.1989,1.1548,-0.6073
-0.0478,0.6120,0.5798,1.1487,0.0301,-0.0028,-2.4683,-0.5651,-0.6535,1.3631,-1.2290,1.1205,-0.6646
0.0204,0.1040,0.2913,-0.1662,-0.4841,-0.5165,-2.5092,-1.0416,-1.5598,0.6187,-0.7764,1.3563,-0.3678
-0.0318,0.2896,0.3727,0.2508,-0.3058,-0.3845,-2.5006,-1.2808,-1.4531,1.1110,-1.0708,1.3242,-0.5751
-0.0414,0.6044,0.5567,1.0568,0.0055,-0.0410,-2.5120,-0.6176,-0.7555,1.3776,-1.2544,1.0920,-0.7468
0.0250,-0.0372,0.2927,-1.0787,-0.0808,-0.0814,-2.4120,-0.9198,-0.7378,1.4293,-1.3016,1.5430,-0.2183
-0.2179,0.4318,0.6766,-0.0790,-0.2122,-0.6648,-2.6589,-1.1272,-1.4856,0.8842,-1.0295,1.1458,-0.1786
-0.0624,0.3118,0.4177,0.2497,-0.2956,-0.3967,-2.4843,-1.3212,-1.4530,1.1605,-1.0616,1.3709,-0.5652
-0.2420,0.4501,0.6918,-0.0800,-0.1770,-0.7097,-2.6228,-1.1011,-1.4491,0.9361,-1.0383,1.0997,-0.2308
0.0901,-0.1205,0.1785,-0.4843,-0.4735,-0.6799,-2.2617,-1.1396,-1.1498,0.4552,-0.4211,1.7322,-0.4817
-0.0821,0.1784,0.4101,-0.5880,-0.0651,-0.2950,-2.3874,-1.0706,-1.3038,1.6150,-1.5191,1.1266,-0.3922
-0.0467,0.3075,0.4035,0.2627,-0.3144,-0.3710,-2.4803,-1.2946,-1.4577,1.1443,-1.0593,1.3594,-0.5617
-0.0664,0.3020,0.4186,0.2645,-0.3252,-0.4153,-2.4869,-1.2981,-1.4592,1.1602,-1.0536,1.3647,-0.5739
-0.2316,0.4489,0.6309,-0.0867,-0.1876,-0.6519,-2.6774,-1.1515,-1.4738,0.8921,-1.0769,1.1767,-0.1836
-0.0732,0.1760,0.4076,-0.5459,-0.0586,-0.2875,-2.3339,-1.0292,-1.2910,1.5790,-1.5056,1.1463,-0.3779
0.0347,0.1010,0.2635,-0.2183,-0.4294,-0.4745,-2.5005,-0.9957,-1.5760,0.6749,-0.7552,1.2541,-0.4873
-0.0362,0.5847,0.5439,1.1474,0.0024,0.0240,-2.4675,-0.5870,-0.7132,1.3765,-1.2186,1.1246,-0.6834
0.0403,0.3343,0.3692,0.7079,-0.1312,-0.0598,-2.4343,-0.6079,-1.0620,1.1939,-0.7788,0.8238,-1.2696
0.0176,-0.0146,0.3220,-1.0649,-0.0618,-0.0746,-2.3805,-0.9017,-0.7076,1.4190,-1.3079,1.5446,-0.2488
0.1018,-0.0923,0.1465,-0.4679,-0.4674,-0.6439,-2.2717,-1.2013,-1.1892,0.4823,-0.4337,1.7367,-0.4647
-0.2404,0.4383,0.6824,-0.0538,-0.2148,-0.6596,-2.6643,-1.1408,-1.4533,0.9306,-1.0747,1.1459,-0.2308
0.0928,-0.0979,0.1633,-0.5201,-0.4495,-0.6321,-2.2726,-1.1905,-1.1543,0.4739,-0.4411,1.8290,-0.4212
0.0757,0.2753,0.3538,0.6737,-0.2103,-0.0786,-2.4077,-0.6144,-1.1062,1.1201,-0.6955,0.8311,-1.2862
-0.0662,0.2036,0.4293,-0.7117,0.0066,-0.2355,-2.3754,-1.0674,-1.1651,1.6258,-1.5023,1.1725,-0.3647
0.0505,0.0824,0.2670,-0.1455,-0.4854,-0.5536,-2.4812,-0.9960,-1.5746,0.6361,-0.7975,1.2535,-0.3699
0.7373,-0.1445,0.5971,1.5900,-0.5206,0.1694,0.2452,0.3073,0.8249,-0.4526,-0.3132,-1.6587,-1.3039
0.6399,0.1370,0.8273,1.8483,0.0663,0.2836,-0.1421,0.3934,1.3983,0.1405,-0.4276,-1.4900,-0.8944
0.6804,-0.2491,0.8024,-1.7914,-0.0756,0.9195,-0.0341,-0.5805,2.2659,0.5580,-0.5400,-1.7049,0.7232
0.6641,0.0484,0.7844,1.7494,-0.1953,0.1226,0.0778,0.2707,1.0719,-0.1242,-0.5438,-1.5975,-1.1884
0.6403,-0.2714,0.7895,-0.0909,-0.7160,-0.8039,-0.0254,-0.3473,0.2535,-0.5232,0.4209,-0.7884,0.2036
0.8019,-0.6440,0.4422,-0.7920,-0.7482,0.1465,-0.1907,0.2299,1.0424,0.1105,-0.2398,-0.9310,0.3857
0.6805,-0.0928,0.6750,1.7228,-0.4307,0.1493,0.2750,0.3265,0.8482,-0.3183,-0.4339,-1.6597,-1.4187
0.6590,-0.4165,0.6824,0.2561,-0.8919,-0.5406,-0.0597,-0.3227,0.2471,-0.5426,0.5045,-0.7707,-0.0076
0.7296,-0.5021,0.5347,0.2336,-0.9404,-0.4892,0.0244,0.1231,0.3403,-0.9353,0.1253,-0.8270,0.0157
0.7256,-0.5028,0.5390,0.3837,-1.0087,-0.4441,-0.0079,0.1293,0.2288,-0.8526,0.1777,-0.9819,-0.0592
0.5599,-0.2954,0.8174,-0.1043,-0.7440,-0.8265,-0.0903,-0.3075,0.2380,-0.2042,0.5304,-0.8834,0.0260
0.4935,-0.1473,1.0134,0.0289,-0.7041,-0.7398,-0.1953,-0.4325,0.2617,-0.1816,0.5333,-0.9053,-0.2161
0.7408,-0.5312,0.5979,-0.5511,-0.6994,-0.1433,-0.2327,0.0190,0.7053,0.0121,0.0190,-1.0518,0.1605
0.7564,-0.4458,0.6796,-0.7047,-0.6399,0.0048,-0.2649,0.0629,0.7690,0.1949,-0.3014,-1.2073,0.1785
0.7720,-0.4772,0.6754,-0.7484,-0.6304,0.0631,-0.2542,0.0814,0.8409,0.1633,-0.2729,-1.1993,0.2202
0.7144,0.0139,0.6938,1.8746,-0.1457,0.3229,0.2314,0.4138,1.2024,-0.1555,-0.4559,-1.6523,-1.3717
0.7553,-0.4269,0.5087,0.6471,-0.9532,-0.3475,0.0382,0.1608,0.2360,-0.7877,0.1367,-1.1938,-0.1921
0.7760,-0.4944,0.5871,-0.5154,-0.7499,-0.0252,-0.3052,0.1694,0.6439,-0.0142,-0.1923,-1.1566,0.2514
0.5760,-0.1684,0.8854,0.6224,-0.7451,-0.5605,0.0146,-0.0143,0.4854,-0.8675,0.0102,-1.3937,0.0619
0.6027,0.1681,0.8510,1.9439,0.2047,0.3252,-0.0640,0.3663,1.5764,0.0892,-0.5088,-1.4114,-0.8344
0.5063,-0.1291,0.9765,0.0638,-0.6369,-0.8806,-0.1491,-0.4926,0.1597,-0.0293,0.3659,-1.1036,-0.1174
0.5483,-0.2399,0.9257,0.3465,-0.7582,-0.6276,-0.0957,-0.0022,0.4020,-0.8770,0.0882,-1.2927,0.1427
0.8582,-0.6803,0.3977,-1.0509,-0.5714,0.3141,-0.1008,0.0087,1.3745,0.2415,-0.2547,-0.8785,0.4064
0.5896,-0.3691,0.7475,0.0488,-0.8427,-0.6687,-0.1010,-0.3201,0.3085,-0.4657,0.5389,-0.6559,0.0607
0.8271,-0.6373,0.3996,-0.4243,-0.8468,0.0047,-0.1202,0.2346,0.5840,-0.0825,-0.0733,-0.9356,0.2165
0.5582,-0.2156,0.9302,0.4367,-0.7800,-0.6039,-0.0272,0.0358,0.4629,-0.9457,0.0866,-1.3194,0.1268
0.7612,-0.1104,0.6125,1.6530,-0.4154,0.2356,0.2345,0.3172,0.7850,-0.2723,-0.2820,-1.5813,-1.4729
0.5691,-0.1849,0.9173,0.4732,-0.7218,-0.6312,-0.0172,-0.0749,0.4538,-0.8990,0.0561,-1.3035,0.1449
-1.7634,0.2369,-0.6156,-1.7246,-0.1032,-0.4208,1.5260,0.8750,0.1634,0.7949,-1.6321,-1.0903,-0.4867
-1.7178,0.2745,-0.6079,-0.9266,-0.2365,-0.7190,1.2733,0.6088,-0.6670,1.1288,-0.9907,-1.2360,-0.4578
-1.6783,0.2400,-0.9236,-0.0361,-0.6180,-1.1473,0.9938,0.9842,-1.2615,0.8305,-1.1795,-1.4500,0.0962
-1.7162,0.1675,-0.9315,-0.3786,-0.6018,-1.2904,1.1574,1.1710,-1.0650,0.4292,-1.3026,-1.2036,0.0852
-2.2053,1.2059,-0.3100,0.7491,-0.0428,-1.1208,0.9357,1.3252,0.1748,0.0026,-1.9226,-0.7027,0.4498
-1.6017,0.2170,-0.6845,-1.1513,-0.2268,-0.6465,1.2525,1.0380,-0.2203,1.0844,-1.4895,-1.3622,-0.0454
-1.7089,0.4982,-0.5608,-1.0732,-0.2085,-1.0772,1.0590,0.7378,0.0338,0.0222,-0.9457,-0.0987,0.1553
-1.8482,0.4571,-0.5859,-0.7269,-0.2675,-1.4507,1.1404,1.0500,-0.4692,0.2205,-1.2221,-0.9012,0.4920
-2.1402,1.0364,-0.3247,0.7495,-0.1499,-1.0523,0.8923,1.2674,-0.3459,0.4884,-1.8225,-0.9811,0.0233
-1.7079,0.5064,-0.1935,-1.9745,0.3732,0.1554,1.8013,0.8128,1.1659,0.2497,-1.6317,-1.1332,-0.2531
-1.9886,0.4564,-0.6707,-0.4624,-0.4840,-1.3583,1.0120,1.2760,-0.9128,0.5568,-1.4696,-1.4129,-0.2124
-1.9351,0.4089,-0.6775,-0.5989,-0.3645,-1.2571,1.0312,1.3169,-0.7535,0.4577,-1.4531,-1.3539,0.0527
-1.8595,0.7176,-0.4762,0.0884,-0.2769,-1.1711,0.8377,0.6706,-0.6253,0.7544,-1.3249,-1.1499,0.4796
-1.7565,0.2904,-0.8544,0.0750,-0.6475,-1.2792,1.0591,1.1452,-1.1719,0.6497,-1.3577,-1.5012,0.1510
-2.0861,1.2356,-0.3145,1.0567,0.3614,-0.6638,1.0440,1.4586,0.5310,0.2603,-1.6803,-0.6412,0.6507
-1.6269,0.0686,-1.0201,-0.4265,-0.6011,-1.2449,1.1872,1.2117,-1.0033,0.3903,-1.2583,-1.1333,0.3308
-1.8091,0.4141,-0.4713,-1.6834,-0.0314,-0.3933,1.3372,1.1972,0.4095,0.7675,-1.7634,-1.2620,-0.2247
-1.8017,0.6847,-0.5451,0.6946,-0.0932,-0.7889,0.9598,0.8688,-0.7255,1.2429,-1.4584,-1.6782,0.2208
-2.0920,1.1947,-0.3920,1.2722,0.3645,-0.6723,0.9608,1.5503,0.7838,0.3169,-1.7347,-0.7346,0.6579
-1.7954,0.5668,-0.6202,0.3203,-0.3938,-1.0238,0.9363,1.0537,-0.9745,0.9469,-1.5681,-2.0439,-0.0995
-1.8078,0.3006,-0.5025,-2.1401,0.0283,-0.2176,1.5063,1.1408,0.8877,0.6822,-1.9427,-1.0615,-0.2206
-1.9090,0.5873,-0.6003,0.4942,-0.3939,-1.1038,0.9977,1.0941,-0.8809,1.0233,-1.5846,-1.8859,-0.0651
-1.8589,0.4135,-0.7466,0.0949,-0.5768,-1.3252,1.0161,0.9228,-1.1354,0.7749,-1.3934,-1.6076,-0.0394
-1.8412,0.3963,-0.6329,-1.1724,-0.1304,-0.9784,1.1691,1.1862,-0.0704,0.3996,-1.5893,-1.0515,0.0042
-2.0805,1.2102,-0.3514,1.0407,0.1769,-0.7411,1.0126,1.3182,0.3686,0.3396,-1.7586,-0.6818,0.5708
-2.0763,1.2597,-0.3828,1.3447,0.7977,-0.5057,0.7990,1.8073,1.3279,0.2930,-1.7147,-0.5657,1.1565
-1.8556,0.4574,-0.6392,-0.4605,-0.4508,-1.5347,1.0663,0.8709,-0.7885,0.3515,-1.1140,-1.0057,0.6298
-2.0186,0.9630,-0.3231,0.3526,-0.1336,-0.8681,0.8967,0.8170,-0.7007,0.9631,-1.5871,-0.8972,0.1704
-1.7835,0.3231,-0.7659,-0.0988,-0.5545,-1.2740,1.0968,0.8664,-1.1781,0.8029,-1.2666,-1.4850,-0.0386
-2.1734,1.0719,-0.2753,0.6853,-0.1964,-1.1469,0.8209,1.2421,-0.2438,0.1911,-1.8430,-0.8808,0.1163
-1.8252,0.4619,-0.2864,-1.9345,0.2004,-0.1569,1.7367,1.0026,1.0299,0.2178,-1.6781,-0.7862,-0.2747
-1.7873,0.2543,-0.7543,-0.4676,-0.4461,-1.0428,1.1193,0.9235,-0.9864,1.1062,-1.2707,-1.5833,-0.2525
-1.0913,0.9410,-0.6456,1.9391,1.6338,0.7788,-0.1113,0.8093,1.2801,0.7157,-1.0370,1.0375,0.4490
-0.5509,0.3611,-1.0617,0.6891,0.1098,0.6653,0.5543,-0.3755,-0.8066,0.8331,-0.4917,-0.2218,-0.9605
-0.3408,0.3994,-1.1053,0.8317,0.1887,0.7535,0.5556,-0.5254,-0.6711,0.4089,-0.3355,0.0342,-1.0435
-0.2706,0.3744,-1.1930,1.1920,0.3116,0.9080,0.5423,-0.3998,-0.4942,0.3285,-0.5301,-0.0762,-0.8534
-0.7025,0.8924,-0.7195,0.9926,0.3606,0.8327,0.1670,-0.5716,-0.9759,1.1054,-0.3876,-0.1093,-0.7818
-0.4873,0.7637,-0.9099,1.3606,0.3757,0.8383,0.3238,-0.4472,-0.6775,0.8171,-0.6049,-0.0864,-0.5586
-0.8650,0.4419,-0.8789,2.1292,1.0319,0.9519,0.0773,0.4863,0.9725,0.6278,-1.1417,0.3655,-0.2651
-1.3087,0.9646,-0.4140,1.9111,3.1478,0.3806,-0.3678,0.9532,1.6965,0.3045,-0.8807,2.9810,2.8852
-0.7965,0.6441,-0.8380,0.7562,-0.0138,0.7019,0.2076,-0.7667,-1.2975,1.1379,-0.3174,-0.0149,-1.1795
-0.4449,0.5582,-0.9382,0.6650,0.0119,0.7924,0.1915,-0.7280,-1.2304,0.9262,-0.1144,-0.0162,-1.0554
-0.3936,0.2713,-1.1549,1.0407,0.1513,0.6972,0.6690,-0.4769,-0.6058,0.2218,-0.5606,0.1529,-0.7284
-0.4545,0.6781,-0.9500,0.8611,0.4292,0.6826,0.4310,-0.5002,-0.4204,0.2220,-0.2647,0.2510,-0.4495
-0.8240,0.4853,-0.8247,2.2730,1.2829,1.0472,0.0628,0.6435,1.1178,0.6810,-1.1795,0.5798,0.1246
-0.5027,0.3520,-1.1135,0.8916,-0.1398,0.6201,0.4355,-0.6044,-0.9889,0.5076,-0.5697,-0.0150,-0.9714
-0.5796,0.4121,-1.0337,1.0114,0.2746,0.8250,0.5833,-0.3279,-0.6410,0.9738,-0.5395,-0.3758,-0.9474
-0.4317,0.5798,-0.9252,0.8315,0.5089,0.6146,0.5706,-0.5738,-0.3872,0.1877,-0.4833,0.3581,-0.5882
-1.2640,0.9465,-0.2139,1.6266,3.0637,-0.2148,-0.0691,1.1008,1.6747,-0.1133,-0.6735,3.1584,2.6611
-0.3354,-0.0302,-1.2308,-0.3147,-0.0833,0.8993,0.6576,-0.4547,-0.4490,0.9639,-0.4823,0.0541,-1.0576
-1.1819,1.0229,-0.6033,1.9185,2.1940,0.5850,-0.2849,1.0824,1.6025,0.5877,-1.1075,1.7485,1.4150
-0.4999,0.4117,-1.0968,1.3727,0.4049,0.7363,0.6969,-0.3168,-0.3067,0.0767,-0.9131,-0.0931,-0.4894
-0.4374,0.7440,-0.9980,0.8799,0.4727,0.7167,0.2459,-0.4995,-0.1705,0.1002,-0.3584,0.5545,-0.1183
-0.3816,0.0511,-1.3428,0.7936,-0.0136,0.6983,0.7854,-0.2388,-0.6799,0.5905,-0.8104,-0.2151,-0.7022
-0.5039,0.2396,-1.0999,0.4799,0.0612,0.8547,0.5850,-0.4582,-0.8321,1.0274,-0.3365,-0.2516,-1.1060
-0.4800,0.6218,-0.9092,0.8243,0.4230,0.7276,0.4011,-0.5537,-0.5013,0.2852,-0.1658,0.1669,-0.6215
-0.8087,0.7866,-0.8005,1.0904,0.1766,0.7600,0.3019,-0.5848,-1.0256,1.0822,-0.5398,-0.0070,-0.9114
-0.4947,0.1466,-0.9659,-0.5005,-0.0324,0.9219,0.5866,-0.5543,-0.4580,0.9174,-0.1081,-0.0362,-1.4852
-0.4049,0.0550,-1.3582,0.8087,0.0041,0.6597,0.8636,-0.1200,-0.6400,0.6057,-0.9535,-0.2991,-0.5872
-1.2794,0.9105,-0.3568,1.9663,2.9398,0.3165,-0.2438,0.9771,1.6851,0.3324,-0.8014,2.7724,2.8374
-0.8269,0.8272,-0.7460,1.0483,0.2192,0.7201,0.2694,-0.5817,-1.0303,1.1129,-0.5127,-0.0034,-0.8811
-0.5462,0.4718,-1.0241,0.9655,-0.0610,0.6080,0.3711,-0.5957,-1.0321,0.7044,-0.6388,-0.0580,-0.9542
-1.0955,0.9015,-0.7008,1.6276,1.1535,0.6040,0.0321,0.4399,0.8748,0.6307,-0.9730,0.6290,-0.2935
