-14.3643,-2.2148,14.2014,-23.0238,2.2905,-2.2486,3.3408,-2.5411,2.7700,2.8567,-1.8599,1.5986,-3.1262,3.1388,-1.8233,3.5324,-1.5766,4.0275,-3.5853,0.4334,0.6490,-0.7808,-1.4898,0.0659,1.0782,0.9744,-0.8732
-8.3310,-7.0964,12.2759,11.8918,-2.2947,2.6773,-8.0954,-0.0414,-3.0069,1.0265,1.5918,-0.8333,-2.2598,2.2514,1.0559,-0.1631,0.3187,0.6901,0.0411,1.4402,0.1899,0.9443,0.3904,2.0530,1.6310,-0.8685,0.4353
-12.8596,-2.9458,14.0926,-22.4328,3.1483,-1.9870,2.7965,-3.4688,2.7296,2.5825,-1.9510,1.3669,-2.9785,2.7220,-1.6885,3.0114,-1.2231,4.2086,-3.5166,0.4282,0.5733,-0.7991,-0.0131,0.0715,-0.2848,0.4152,-1.1149
-5.7931,-7.5585,14.1156,15.0704,-1.4641,-0.8400,-4.8984,-1.1292,-4.7041,0.1457,2.2059,1.2500,-1.8926,0.9088,2.0721,4.2905,0.6791,0.7793,1.1092,-1.6114,0.0325,-5.7332,-0.7975,0.6609,-0.1834,0.8356,-0.7263
-13.1961,-2.4616,14.0587,-22.2945,3.2266,-2.6630,3.7504,-2.2452,2.5644,3.7804,-1.8380,2.0997,-3.3023,3.3687,-1.9046,3.8170,-1.7702,4.5514,-4.3649,0.0271,0.7486,-0.7790,-0.5223,0.1719,0.3183,0.3118,-0.5973
-6.6224,-7.4018,10.2928,10.7108,-0.7112,2.6555,-7.6219,0.3800,-1.5754,2.5790,0.5465,-2.9218,0.8338,3.8036,0.3497,-2.2655,0.2721,1.1598,-0.7766,1.5011,4.2748,4.3479,-0.1326,1.0531,1.0136,0.3593,0.3937
-6.2315,-3.9351,11.7744,-15.8001,8.6166,-2.6947,-3.4014,0.6484,-5.8585,-2.8745,2.3317,4.7198,-0.2741,-3.6197,-0.8596,-2.6900,1.1517,0.1303,1.8583,-0.1886,-0.8153,1.8067,0.9858,-0.2422,-1.7311,-2.2024,1.0613
-6.8564,-3.6301,11.8728,-17.3118,8.4873,-2.9501,-1.5360,0.0043,-4.6422,-1.3790,0.6728,4.6771,-0.4674,-2.6504,-2.2906,-2.6431,0.0729,1.4807,0.8566,1.3358,-0.8748,0.3182,0.2736,-0.9184,-0.2860,-1.3462,1.2663
-6.3426,-7.4073,12.0090,11.9671,-1.3528,1.9137,-6.1622,-0.3422,-3.6870,3.1664,0.1042,-2.3089,1.3916,3.2100,0.5595,0.3706,-0.1620,1.1041,-1.0782,0.9246,6.6645,0.9451,-0.4871,-0.0493,-1.2685,2.6090,1.0407
-8.0326,-4.6998,11.5397,-16.6395,7.0088,-3.9225,-0.9515,-0.7954,1.4223,-1.0968,0.4395,-4.2714,3.8695,-0.0789,1.6400,-4.5909,0.8756,-3.5217,1.6590,-0.9583,1.1799,-2.7681,1.2465,1.4695,-1.9164,-0.1305,1.3954
-8.4704,-7.8486,16.3988,18.7318,-3.0403,-11.7044,13.6244,-6.2919,1.8896,-4.3028,-2.7269,2.3452,5.4080,-6.4918,-4.4217,-0.5768,-0.9149,0.6896,-1.4032,-3.3634,2.3411,2.9552,-2.1286,-0.9657,-1.8629,2.5546,0.2567
-8.5118,-6.9340,14.5813,13.1867,-3.5208,1.1592,-4.0899,-0.9651,-5.9358,0.4626,2.1441,1.6537,-2.3007,1.2925,2.3326,3.7935,0.7169,0.0309,1.2043,-1.5178,0.4527,-6.7749,-1.4122,-0.0993,-0.2451,0.7019,-0.2675
-13.7496,-2.7075,13.8194,-22.6526,2.5278,-2.7665,3.8784,-2.7243,3.1625,3.7871,-2.1100,1.0537,-2.2690,3.8075,-1.7322,3.4544,-1.8300,3.7036,-2.8427,0.8971,0.9043,-1.6411,-1.8627,0.5755,1.6296,1.4786,0.0453
-8.1512,-4.0901,12.3293,-16.5006,7.0453,-3.6419,-1.4144,-0.8263,0.8887,-2.3108,0.1710,-4.8650,4.0989,-0.5206,0.6750,-3.8120,0.0831,-3.2305,1.5262,-0.0321,0.8012,-2.6008,1.6474,1.5027,-1.6037,-0.7383,1.5139
-7.2300,-4.3560,11.9692,-16.6695,7.9547,-3.7189,-1.9821,-1.4656,0.5510,-2.7686,0.1062,-4.6257,3.9369,-1.0595,0.8926,-3.4070,-0.1395,-2.7407,1.0391,-0.0110,0.5100,-2.4261,0.8066,0.7777,-1.2356,-0.8233,1.8627
-14.4958,-4.7244,12.9915,6.0930,-8.0551,8.6669,-6.9359,-1.8153,0.0106,0.8792,-0.0950,1.1236,-1.9683,-0.0098,-1.8476,-5.4896,-0.6081,-0.3313,-0.3366,0.7444,-4.6591,1.7269,-0.5566,-0.2240,0.9523,0.2499,0.8753
-6.4416,-7.3412,12.4101,12.8007,-1.4732,1.0974,-6.4465,-0.3776,-3.2854,3.0908,0.5662,-2.0933,0.6843,3.4803,0.7766,1.4861,-0.1383,1.0032,-0.6441,0.3850,6.1149,-1.2539,-0.4563,0.3496,-1.2946,1.9332,0.9771
-7.1298,-3.7803,11.8891,-17.3735,7.9511,-2.7551,-2.2830,0.1902,-4.5481,-2.5280,1.3522,4.4997,-0.5276,-3.1034,-1.6394,-2.8435,0.6225,0.7441,1.2781,1.0276,-0.9728,0.5429,0.4992,-0.2869,-1.1202,-1.6870,1.0879
-10.4513,-7.0591,14.9948,16.8377,-4.3843,-8.0722,7.6327,-2.6809,2.7122,-0.5986,-0.8183,-0.4767,1.1201,0.4412,-1.4332,-1.5939,0.4261,1.3535,1.9909,0.9622,-2.1942,-1.0275,1.7530,3.8302,2.1867,-5.5996,-0.9456
-7.2986,-7.0438,10.7021,10.9699,-1.3970,2.4594,-7.3605,0.5002,-1.4024,2.6606,0.7403,-2.9957,0.8933,4.1449,0.4481,-2.3028,0.1308,1.3265,-0.9560,1.5279,4.5458,4.2855,0.1344,1.4546,1.1389,0.1107,0.0876
-7.8705,-4.1338,11.8398,-16.8626,6.8832,-3.5961,-1.3261,-1.1609,1.3559,-1.8046,0.3922,-4.4671,3.9579,-0.2952,1.0620,-4.0495,0.4082,-3.3687,1.4641,-0.6369,1.0158,-2.8757,1.0009,1.0867,-1.4225,-0.2994,1.4851
-9.9514,-7.0463,16.9178,18.0702,-4.5619,-10.8167,13.3550,-6.2873,1.7612,-4.7236,-2.5795,2.1700,5.6675,-6.7164,-4.6818,0.2211,-0.9317,0.6929,-1.1285,-4.0478,2.2909,2.4609,-2.6069,-0.4051,-1.4422,2.2922,-0.4239
-15.1696,-5.6802,17.6886,15.7128,-7.7299,-7.8512,11.9161,-3.6403,3.3159,-3.5452,-0.9627,0.0655,2.0067,-0.0158,-0.9842,-3.4885,0.7815,2.6684,1.5191,0.6590,-3.0649,0.3802,-0.8864,3.0342,4.0977,-2.8283,-1.0476
-8.0508,-4.1031,15.0542,-12.9003,7.1047,-5.4838,-3.4624,2.0684,-4.1870,-2.3805,3.4820,-0.9080,0.4640,-0.7891,6.5319,2.8737,1.0644,-2.0807,3.5085,-1.8702,-1.2172,6.0438,-1.2876,-1.9236,3.3778,1.6067,-3.3349
-15.1278,-4.7235,15.1670,5.7959,-10.6351,9.2292,-4.2679,-1.2443,-1.8675,2.8919,-0.2067,1.8368,-2.7890,-1.3170,-1.0621,-2.6375,-1.3721,-1.8555,-0.2139,-1.6097,-4.3717,-3.2235,-1.4839,-2.6677,-1.1526,3.5671,1.0365
-10.5024,-6.0974,11.8065,11.2548,-3.7642,3.2608,-7.8225,0.3716,-2.3579,0.8164,2.0429,-1.2436,-2.0962,2.5880,1.1225,-1.1044,-0.3386,0.8513,-0.1942,1.5993,0.3697,1.9896,0.3932,2.4206,1.9667,-1.9728,0.0396
-10.6350,-6.0770,12.8205,8.9151,-4.0662,4.0064,-5.8883,1.8040,-7.4230,-1.1526,1.7793,-0.9127,-2.5182,-1.2722,-1.1979,4.5518,0.7874,-1.5010,1.3815,0.4230,-1.2072,-1.4573,1.5615,-0.0717,0.0104,-0.6186,0.4246
-11.5503,-6.0812,15.6744,11.5873,-4.5715,-2.3767,-0.3146,1.1636,-1.2647,1.4145,0.2915,-3.6669,-0.9323,-1.1159,-0.5031,7.5431,0.8230,-2.4885,0.8268,-1.4996,-4.0638,-3.9317,6.6309,-1.7223,-2.2656,-1.5067,-0.0279
-9.3221,-3.6709,16.0719,-13.1527,6.2597,-5.4605,-3.1274,2.3838,-4.5934,-2.2841,3.4140,-0.5957,0.2759,-0.4109,6.3523,3.1352,1.5727,-2.1487,3.3369,-1.9026,-1.0940,6.1384,-0.7651,-2.1907,2.9453,1.5135,-3.9375
-15.6779,-4.9797,13.7347,2.1701,-11.2375,10.9607,-3.4042,-0.8138,0.3613,5.3277,-1.6197,0.7204,-2.0724,-2.2377,-2.6440,-2.1463,-1.3803,-3.0187,-3.2655,-0.4453,-3.1235,0.6582,1.7557,-4.7340,-2.1246,2.2616,0.7625
-17.2932,-3.8849,12.5800,1.8605,-10.6472,10.5246,-4.5134,-2.3073,2.9737,3.5247,-2.1234,1.1620,-0.7315,-1.0611,-3.2650,-4.9207,-1.1969,-1.2535,-2.3859,2.2107,-2.8029,3.0674,1.9311,-1.2487,0.7576,-2.3911,0.3012
-5.8999,-15.4313,-12.0483,-5.4936,-12.5315,-4.0885,0.4234,-2.1454,2.3797,3.3434,12.1340,0.2910,2.7597,0.0919,-2.5213,2.4823,0.8641,-1.0904,1.0794,1.4332,0.1886,0.8681,-2.4614,-0.0710,-0.4219,-1.0687,3.0056
5.6449,-17.0577,-4.0227,1.2099,3.2889,4.2427,1.2632,2.2169,2.4750,-0.7879,-2.6231,-1.0842,1.2226,-1.1127,5.1615,2.0543,-0.6373,0.9029,-3.4968,1.9087,-4.6332,1.5986,-1.0896,1.5471,0.7801,1.1884,1.6174
9.7608,-18.4257,-5.6934,2.5581,6.0372,4.7192,1.6547,1.6620,-3.6602,-1.1231,-1.8458,2.0413,-1.1379,0.4862,-1.7063,0.8747,-2.0411,1.4156,2.1518,0.8566,0.8278,1.0396,1.9284,-0.4355,-2.2044,1.1530,-2.7885
11.8164,-19.9350,-9.2144,1.7511,6.6751,4.4306,1.4468,0.4086,-1.0485,-2.2168,0.1145,-0.6893,-1.5587,0.0005,-1.9327,-0.1886,-3.9871,0.2983,2.9257,-0.8289,1.3279,0.3621,1.8658,-0.8205,-0.8316,0.9215,-2.2621
0.3060,-15.4512,-2.4949,-4.4035,-2.7636,5.4150,4.5590,3.8086,6.9868,1.4382,-2.5943,-0.9156,-2.1254,1.6142,-1.3425,1.8139,6.5412,-5.1874,2.0966,-1.1487,0.3181,0.8432,-3.3032,0.1448,-0.6434,-0.2260,1.6552
6.1252,-18.0336,-7.2584,-2.9723,0.7680,5.0273,3.4302,1.6172,4.6936,1.3602,-2.0573,0.8672,-2.7799,0.7066,-1.6639,1.8048,3.3321,-1.9671,0.8671,-2.1119,1.3148,0.5576,-2.1854,0.0212,-0.3946,-0.3751,0.4364
0.5259,-17.9404,-14.0254,-3.6511,-5.3070,-1.5865,0.7074,-5.3385,0.7088,2.7691,13.5772,0.4906,2.9901,-1.9613,-0.4922,-1.1317,-0.9777,1.8248,-0.1503,-1.5866,0.5825,-1.8253,3.8790,-1.3238,3.7690,1.6272,-1.0483
-8.6282,-16.3385,-17.4143,-7.7795,-21.6038,-16.6552,-7.4709,0.1391,-4.5450,-0.3676,-6.3171,-0.5178,0.4153,-0.0901,1.7763,-1.4734,0.7308,0.9578,-1.7252,2.9328,-0.7867,0.0164,-0.9442,0.8553,-4.3377,0.9521,-5.0092
-1.0360,-14.4940,-0.9120,-1.6384,-0.7726,7.8193,3.0899,2.8976,5.9531,2.3053,-2.1422,1.0757,-0.0304,0.3570,-0.4190,-2.1250,4.4989,-2.1479,-0.2107,-0.1301,0.0940,-1.0041,1.1218,-0.9386,-0.2440,-0.4597,-2.6845
6.5464,-16.2844,-2.3037,0.0885,3.6141,6.3158,2.0039,1.8047,2.7289,1.6047,-3.5247,1.2330,0.4138,0.1127,-0.8387,-1.1171,3.1329,-1.5933,1.6644,1.2180,-0.2927,-0.3989,0.7507,-2.1194,-1.4197,-0.8324,-1.9131
9.6284,-18.9341,-8.2217,2.3374,5.7877,4.8202,1.3716,2.9264,-0.4326,-3.6597,0.2466,-1.3418,0.7275,0.1165,0.8317,-3.6309,-4.8098,0.6913,-1.1913,-0.9380,0.9159,-1.4613,2.5663,0.2698,-1.5073,-1.8133,-3.0164
5.9854,-16.7076,-6.2182,-1.0416,3.4500,4.4074,3.2318,3.5867,-3.0812,-6.1068,-2.3302,-2.0276,-2.0449,1.7390,-5.7566,3.0719,-3.1250,0.0603,5.9773,1.9294,0.2247,1.7016,0.3373,0.4455,0.3002,1.4874,1.5502
1.4775,-19.0024,-15.3967,-4.6344,-6.4503,-3.2465,0.4184,-4.8361,0.5457,3.1125,14.0521,0.3922,2.6514,-1.4429,-1.0221,-0.2517,-0.1770,1.3572,-0.5321,-1.6124,0.3657,-1.5736,2.5336,-1.7055,4.0075,1.8603,-0.4872
6.8588,-16.1626,-5.5796,1.7794,5.0332,6.8850,1.6559,0.8816,1.7447,-0.2635,-1.0158,1.4504,-0.0550,0.1850,0.6276,-3.7010,-0.4418,1.4996,-3.4793,-1.3564,1.0400,-2.0165,2.2784,-0.6909,0.0309,-2.9555,-3.1306
5.2553,-18.3249,-5.7723,-0.6257,1.5556,4.3267,1.7607,1.9326,4.1331,-0.3992,-1.6201,-1.1276,0.2145,-1.3436,4.6871,1.6076,-1.2240,0.2861,-1.5526,-0.3311,-3.1777,1.7142,-1.1396,2.5010,0.7245,1.0842,3.3182
6.9618,-17.1220,-6.3654,1.2435,2.7930,3.9497,2.5211,3.0641,-3.2486,-6.9783,-1.6025,-4.3320,0.6121,1.3309,-2.5682,0.4277,-5.9685,-0.3888,2.3901,4.0989,-1.8245,-0.2450,-0.0091,0.1379,-1.4453,1.9015,-0.7294
-8.3312,-14.3921,-17.9515,-7.7216,-21.8174,-17.1853,-7.7741,1.4537,-5.2086,-3.2760,-14.5871,0.8012,-4.5024,0.5802,1.0325,-1.3519,-0.1030,-0.3105,1.6686,-7.1304,1.9938,-0.8886,3.9370,-1.8503,6.6855,-1.0440,5.4589
10.4809,-17.4622,0.2290,8.7849,9.1181,-0.9234,0.9622,1.8443,-0.1628,0.7720,-3.2929,1.3353,3.4897,-1.5654,5.9324,1.3823,1.5802,2.5500,-2.4398,3.8496,-1.2760,-1.6925,-1.0284,-1.7229,-1.0290,-1.0123,0.6870
-7.5392,-15.5027,-14.1702,-5.5376,-16.5987,-8.3769,-2.5455,-0.7578,0.8364,2.0247,7.2961,0.0435,3.2525,-0.3336,-0.0463,1.1543,0.3570,-1.5730,-0.7200,5.2905,-1.6731,0.9250,-5.1575,1.0906,-4.9111,-1.8197,2.3613
7.4201,-18.6366,-10.5778,-0.0593,3.0174,4.1748,2.2606,2.2695,1.1037,-5.0997,3.5077,-1.5654,-0.2418,-0.0061,-0.2582,-3.3732,-6.1216,0.9597,-1.0646,-3.6669,2.0796,-2.7750,-0.3557,-1.5854,1.2179,0.8148,-1.6168
6.3408,-16.2366,-7.6729,-1.2055,2.8904,2.6793,3.3131,4.8105,-4.3057,-2.6322,-1.4829,3.4629,-4.3765,2.8767,-6.3662,2.1381,-0.3507,2.7444,4.5098,-0.2291,2.3376,2.4028,-1.5833,0.2926,0.1597,-0.5511,2.3874
10.9975,-19.5432,-7.7715,3.9263,7.3516,2.8629,-0.0439,2.0337,2.8593,-0.6025,-0.6911,0.1090,0.7934,-1.0806,6.2575,-1.0697,-2.2381,3.1149,-3.2312,-2.0340,-0.6627,0.8958,-0.9152,2.8316,0.2617,-0.3772,2.5879
6.8297,-18.1893,-2.6925,2.0927,4.8132,3.8415,0.9708,2.6928,2.2233,0.7252,-3.0582,-0.3916,0.7547,-2.4965,4.6876,2.2898,1.4490,0.8511,-1.6435,1.5927,-2.8487,0.9497,0.1712,0.3890,0.4463,-0.0925,2.5566
5.6814,-16.9088,-5.4248,-0.5263,3.1118,4.5413,3.0180,2.8253,-2.0539,-6.2098,-2.2170,-4.1530,-0.2189,1.5873,-3.5301,1.8890,-3.1432,-0.6577,4.4910,2.9801,-1.1705,0.8514,0.8481,0.7001,-0.3225,1.9537,0.5075
-1.3242,-14.7532,-2.8995,-3.6443,-2.7020,7.2429,4.1065,3.1103,7.5491,2.7844,-1.1582,1.2381,-2.3184,0.9172,-1.8056,0.5207,6.1676,-3.7225,0.5811,-2.4359,1.7244,0.0338,-1.6611,0.0008,0.7906,-0.5922,-0.9876
5.8078,-15.1971,3.6524,7.5869,6.8038,-0.2225,2.6873,1.3756,-2.1446,-0.7853,-2.2587,3.1413,4.7945,-4.1714,5.6268,4.9594,2.8424,-1.1177,0.0683,3.1270,1.6708,-1.4785,-2.2956,-3.3276,0.1670,-1.0975,-1.2770
10.8590,-19.8297,-8.0139,3.8170,7.4842,2.4126,-0.4255,2.2103,2.7351,-0.9786,-0.5395,0.3197,0.1993,-1.2911,6.7146,-0.4681,-3.3828,3.6488,-3.6642,-2.5271,-0.3729,0.6174,-0.8238,2.9109,0.1691,-0.6077,2.7001
-8.3089,-15.7025,-17.0683,-7.9643,-21.7175,-16.0900,-7.4245,-0.1404,-4.5323,-0.5493,-6.3625,0.3740,0.0084,0.1395,1.3915,-1.4009,1.2799,0.9379,-1.2005,2.0407,-0.6453,-0.1142,-0.5790,-0.2880,-2.6863,0.5125,-3.6906
-1.9280,-14.4436,-2.2898,-3.9754,-3.6266,7.1333,4.2845,3.6486,7.7150,2.2328,-1.5833,0.5605,-2.0046,1.2476,-1.7155,0.6725,6.3593,-4.1972,1.0804,-1.8259,1.2313,0.2087,-1.9286,0.3645,0.6069,-0.1494,-0.3416
5.8109,-15.7093,-5.1690,0.8130,3.6051,7.2493,2.2843,0.6740,2.8826,1.1594,-1.0211,1.4327,-0.5960,-0.1931,-0.5092,-2.8309,1.0519,0.7175,-2.6097,-1.5114,1.1692,-1.8194,1.8586,-0.8853,0.3328,-2.3615,-3.8089
-6.5597,-14.0668,-8.9378,-4.7754,-10.2188,-0.7368,1.6684,-1.8563,2.4925,3.0056,10.6354,0.5219,2.4949,0.3107,-1.9613,1.9094,-0.1353,-0.4625,0.8016,0.8590,0.2631,1.1546,0.5353,0.4068,1.3550,-0.5795,1.0151
-21.0647,10.6841,-7.8931,0.8409,4.4689,0.8612,1.5449,4.9691,-4.2003,-0.9001,-0.5906,0.5510,2.1863,0.3095,-3.1968,-1.8195,4.9283,1.3795,-1.0531,1.5742,1.3020,-1.5180,1.2225,2.2079,1.2606,2.4431,0.3213
-23.1089,12.8233,-6.7462,1.4719,1.9274,4.5803,-1.2231,-2.9546,-3.4830,-0.8191,-0.1173,-3.6837,0.2881,-0.2225,4.6729,-4.0832,-0.8529,-1.6891,-0.0141,-2.2356,0.4205,1.4932,-5.5431,-2.6196,0.7623,-0.3763,-1.1164
-23.8730,10.2574,-9.0302,-1.9163,0.1416,1.9073,4.0694,-7.6790,-0.1286,11.0550,-2.8415,-0.4415,2.0152,-1.1866,2.0131,6.6590,-2.2226,-2.2164,1.6063,-1.8603,0.3066,4.2280,5.3062,4.4775,-2.3804,-2.2019,-1.9283
-27.6745,14.2054,-6.6086,0.4138,-0.3574,2.3142,5.9234,4.5861,-6.9835,0.8119,0.5161,-2.0133,1.1107,1.3694,0.0049,-0.7931,1.0423,-0.2270,-0.7107,-1.3911,0.6148,0.0621,-1.3691,-0.6601,-0.7788,-0.7178,-1.1196
-22.3244,11.3352,-8.3170,0.1235,3.6455,4.6305,-0.4552,-7.5091,-1.6356,0.9027,-3.1167,-2.9340,1.3145,-1.0433,0.6428,-3.2927,-1.6736,-0.9955,2.0921,1.7609,-0.5658,-1.3514,-2.3702,-0.3575,1.7854,1.6699,0.1139
-18.9247,10.3276,-7.4226,3.1907,7.0685,0.2157,-9.9815,-2.0917,6.7938,-4.8201,-1.4043,0.9826,2.6010,-1.7306,-2.7488,2.0151,1.1103,0.8720,-0.4761,1.2733,-0.1615,-1.0910,-0.2948,-1.0328,1.1461,1.4867,0.0078
-28.0030,14.7112,-5.8943,-0.9493,-1.2497,2.8269,7.5782,6.5485,-7.6367,0.1929,1.1282,-2.2595,1.2955,0.2032,-0.0011,1.2037,1.2899,0.3230,-1.8838,-2.0484,-1.4471,0.0838,-0.2351,-1.6963,-0.3429,-0.9279,0.3561
-30.9599,15.0930,-4.4737,1.2292,-1.7280,2.7003,-4.8766,2.8028,1.9298,-4.9232,3.2795,4.9196,-4.4618,-1.9828,1.1652,2.3418,-2.0076,0.7556,1.9004,-2.9802,1.6861,1.5929,-0.3185,1.9024,-3.4377,-2.8868,-0.8019
29.6908,-13.5353,-15.1685,14.8097,34.9751,-19.0877,-7.9652,-7.6116,-11.0599,7.2367,1.6199,-1.1983,-9.4622,-3.3789,-7.9774,-0.0028,0.7814,-8.0104,-6.4475,-1.1389,-2.0311,0.2130,-3.1055,2.0987,1.0081,-1.3105,-0.3227
-24.2457,12.4078,-6.9482,0.5108,1.7203,1.6227,4.5133,6.8379,-7.2169,-0.7056,0.6168,-0.5941,1.3458,0.1734,-0.8050,-0.2396,3.4697,1.7181,-1.5009,0.3141,-0.6172,-0.0928,0.3919,1.5612,0.5508,1.4774,-0.4487
-17.1237,10.3025,-7.0362,5.1078,8.1624,-3.0464,-7.7459,1.7895,6.4126,0.3404,-0.7332,-1.1846,3.2353,0.5269,-0.7906,-2.0421,4.8880,1.7576,-0.0539,-1.6878,1.4668,0.1818,1.6488,1.4314,-1.7975,1.5429,-1.1339
-20.1317,10.4085,-9.8337,0.7503,3.6628,4.5732,1.4764,-8.3582,-2.9891,4.2567,-3.3057,-0.8054,2.5000,-1.8770,1.8197,-2.6768,0.1137,-0.6250,2.3053,1.0050,-0.5899,-0.4742,-0.2221,0.1972,2.2139,0.0329,0.1450
-19.3252,7.5235,-2.8263,10.5687,6.7733,-13.5013,6.8208,-0.3240,8.2712,-2.9617,1.9980,1.3343,-6.6808,5.8981,2.3845,-3.3533,1.7507,0.0602,1.6163,3.8589,-2.4985,-1.5799,-0.5300,-0.6561,0.8473,3.3374,0.1451
-25.2903,13.3997,-5.4723,1.4805,2.5303,1.0894,-6.7375,1.2870,3.4827,-5.8682,0.4035,-0.8034,0.2172,-1.1289,-3.3603,3.9519,-2.1711,1.0566,-0.9940,0.8414,0.2543,1.0177,0.1913,-0.8256,-0.2058,-2.3347,-1.6477
-21.2661,9.5583,-9.6895,-0.5656,3.1074,3.0848,2.9106,-8.4227,-1.2693,9.3060,-4.7892,0.5055,2.5681,-1.7284,0.5626,2.1544,-1.1666,-1.0248,2.7861,1.2480,0.6834,1.1960,2.9011,2.6426,0.3307,-0.7512,-0.9837
-25.2800,13.4654,-5.5007,-0.9131,0.3290,1.9848,7.0500,7.9162,-6.9531,-0.3668,1.2668,-2.2482,0.8025,-0.8347,-0.3213,1.7785,1.2196,1.0017,-3.1371,-0.5465,-2.2369,-0.2843,0.9723,-0.5785,0.2371,0.3602,1.8640
-19.1654,8.6085,-11.2351,-0.6539,4.5571,3.8955,1.0704,-12.5885,-0.0401,5.1115,-4.4639,-0.1505,2.4678,-0.9161,-0.4967,0.6877,1.6020,0.8382,3.6101,2.2898,-0.5185,-0.3164,2.2226,2.0713,1.8860,3.2076,0.6000
-26.4484,10.9355,-2.5246,7.3661,2.5589,-10.0590,10.2928,-0.7617,6.2806,-5.2238,2.7004,0.7031,-6.1920,5.0527,3.4915,-1.4061,-2.1701,-7.0453,-5.9208,3.9816,3.0530,5.2175,7.9948,-4.7882,-2.4110,1.0142,3.1369
-27.0719,12.2385,-7.2320,-1.9623,-0.9371,3.7725,2.8206,-4.0674,1.5783,6.9556,-3.6678,0.4022,0.4939,-1.8544,0.0498,1.4719,-7.4186,-2.9078,0.3885,0.9521,1.3342,-1.0108,-2.9123,-2.0503,1.1212,-2.6100,0.4820
-22.5277,10.9532,-3.7869,6.6462,4.0758,-6.5924,2.0891,2.3912,4.4829,0.9044,3.1787,-2.2786,-4.5687,6.4131,-1.6688,-5.3523,0.7312,4.5426,2.8457,-0.9509,-6.9169,1.1848,-1.5102,0.4352,0.2155,-0.4877,-2.5332
-16.8656,9.2839,-6.2265,6.0941,8.5469,-4.2941,-8.9842,1.4543,8.0659,-0.6045,-0.0631,-1.1873,1.5747,0.4030,0.0934,0.4282,3.3527,1.8599,0.7083,-1.7181,-0.3543,0.9995,1.7242,1.0174,-1.4684,2.4205,-0.7933
-28.0005,12.2960,-2.4843,7.4828,-0.0536,-7.4920,6.4359,-0.8938,5.5869,-4.6035,1.9249,2.2606,-5.5025,2.7888,7.0426,2.5291,-2.4431,-5.8211,2.1271,1.8454,2.1551,-5.4014,-1.2929,0.5952,1.7834,-0.4830,-1.6492
-18.6986,10.6674,-7.8849,2.3285,6.4308,1.3027,-8.8378,-3.0645,6.1861,-4.7786,-2.2614,1.5393,3.4710,-2.1412,-3.0887,1.4841,2.3398,0.8965,-1.1126,2.1260,0.3787,-1.9904,0.4530,-0.6029,1.5816,1.5047,1.0311
-26.7229,12.2450,-6.1081,-0.6185,0.0311,3.6403,1.2411,-3.1179,-0.4003,3.7650,-2.5321,0.1083,-0.1763,0.1312,1.1538,-2.2029,-6.8051,-2.2679,1.8904,1.8294,1.5545,-1.1540,-5.2807,-2.7219,1.1387,-0.2268,-0.1319
-31.3138,15.5480,-4.9104,0.5668,-2.2047,3.6391,-3.4241,2.7952,1.9341,-2.5691,3.8287,7.7366,-4.3656,-2.2843,3.1020,-1.6529,-1.5383,0.7217,1.1531,-4.4355,2.0867,0.5591,-0.9693,2.9605,-2.9343,-2.3846,1.4731
-22.0395,11.5382,-5.4723,3.8168,3.9035,0.9443,-10.5774,-0.7175,7.3143,-4.9059,0.9840,5.1159,-0.9738,-2.2057,-0.4424,2.6733,-1.4035,1.3195,0.9210,-1.6906,-1.7037,0.4714,-0.4059,-0.4602,-1.2585,0.4837,0.1344
-27.6844,14.7594,-5.6158,-0.2250,-1.2512,2.7138,7.4195,6.7980,-8.3288,0.4575,1.0660,-1.8602,1.1207,-0.6207,0.9127,1.4181,0.1413,0.0280,-1.5847,-1.9010,-1.1762,0.2191,-0.5391,-1.7067,-0.1536,-1.2768,0.6897
-22.3276,12.6621,-6.4706,3.6261,3.6261,-1.0021,-1.0666,3.5397,0.1214,3.4269,1.3936,-5.0968,1.7185,3.9038,-2.9961,-2.5872,0.2495,3.0215,0.0880,-1.6562,3.0900,-0.7802,-2.5271,-2.3704,-1.7932,-3.3041,1.1469
-27.3286,14.0438,-5.9511,-0.6668,-0.3751,1.9438,6.6334,7.2911,-7.2406,0.0283,0.6465,-1.4106,0.8974,0.2115,-1.1184,0.3927,1.7671,1.3090,-2.0308,-0.1541,-1.0671,-0.5250,0.5315,0.1907,-0.0858,0.7570,0.5963
-19.6378,11.4412,-6.6394,1.5880,4.9288,1.9130,-10.5873,-2.6043,7.3414,-4.9361,-0.4410,5.3752,1.3793,-3.5026,-1.6932,2.3242,-0.0780,1.7316,0.1324,0.7627,-1.1250,-0.8129,0.7689,-1.2680,0.0866,1.0839,1.2328
-23.3809,12.5363,-6.9974,0.3688,1.9407,1.6417,4.5545,7.2787,-7.2027,-0.4329,0.3827,-0.5434,1.5785,-0.7077,-1.2057,-0.3317,3.1656,2.1542,-2.1707,0.8161,-0.5381,-0.7091,0.9145,1.4023,0.7035,1.4023,0.5086
31.3655,8.3384,-2.5319,0.9970,0.5187,2.9990,-0.5884,-7.5788,-2.6751,-3.6250,-1.0438,2.0036,1.8768,3.6852,0.7665,0.1064,2.5443,0.2754,-1.0607,0.3417,0.0757,0.9474,-0.0694,-2.4202,0.1800,-1.9672,-0.2509
31.0938,6.6790,-4.4785,-0.6423,-0.0859,3.7162,2.2555,-11.6271,-3.0744,-1.5955,0.4006,-0.0221,-1.0397,1.7955,1.2964,0.3630,2.1032,2.5675,0.7592,-0.9805,-0.7110,0.5019,0.7688,-1.6791,-0.8543,-0.1287,0.7745
22.1112,15.1467,2.9896,-3.4508,-7.2913,1.3542,-1.5392,1.3519,2.4221,-5.0670,0.2044,-5.9450,-0.5142,-2.6935,-1.9991,3.0304,-0.8216,-0.6482,-1.9479,1.6441,0.3144,-0.2431,-0.1060,0.5706,1.6205,-2.1562,-0.8298
32.6124,8.1197,0.8587,4.0288,4.3442,-6.5335,-0.9731,5.3372,1.6423,6.6207,-0.6463,0.2946,2.6264,0.9649,0.4088,-0.4200,-0.3306,2.1985,2.5268,0.1833,0.3887,-0.4171,0.6621,-2.6141,-1.1077,-0.7518,1.1510
28.1223,11.8684,0.5886,0.2787,-1.4389,-0.1343,-3.6504,0.6623,2.3838,-1.6375,-0.2413,-0.6331,1.4948,0.4595,-0.8814,0.6336,0.9172,0.0859,-0.4713,0.2325,0.5969,0.9475,-1.1426,-2.1292,1.8634,-1.6575,-0.7786
22.7798,14.7647,2.6861,-3.2157,-6.6472,1.1063,-1.4027,1.5754,2.7006,-4.8620,0.2796,-6.4769,-0.6980,-2.5543,-1.8435,2.5955,-0.7113,-0.9501,-2.3463,1.0322,0.5879,-0.1171,-0.2686,1.5395,1.5688,-1.4586,-0.6818
30.4153,8.3813,2.8664,5.7711,3.3594,-9.5360,2.5992,4.4009,2.2773,6.0909,-0.3205,0.1464,-0.4888,0.3138,0.4875,0.4381,-0.5778,3.6497,3.9803,1.7713,-0.0676,-1.2503,0.5118,-2.3009,-1.0975,-2.4974,1.9672
28.7501,10.6150,0.8833,-0.8905,-1.7986,1.0629,0.5858,2.5437,-2.1430,-0.0672,0.1881,4.7429,-0.0089,-1.5422,0.2996,-0.7285,-0.5430,-1.0896,-0.1789,1.3970,0.1288,-0.0148,0.2309,-0.0856,0.4181,0.1910,0.1710
30.1429,9.8310,-1.0338,0.2416,-0.8908,0.6588,2.4642,3.5642,-3.7713,0.2749,-0.4430,5.5748,3.1615,1.0696,0.9695,-1.3725,1.1229,-1.7361,-1.3555,2.3220,1.9265,-0.9555,1.0872,0.0059,2.1086,1.1147,-0.2238
27.5439,11.5302,2.1413,-0.7220,-1.8863,-2.6469,-1.5525,5.5253,5.1151,4.5827,-0.3147,-3.7974,-1.1688,-2.4461,0.0195,-0.4699,-1.8288,-0.8615,0.1558,-2.4293,-0.4780,0.8208,-0.5736,0.8158,-0.1049,2.9436,-0.4920
22.9469,14.7346,2.3992,-3.0427,-6.3481,1.1906,-1.2035,1.2495,2.3215,-4.7028,-0.0369,-6.1988,0.2998,-2.0458,-1.6830,2.4442,-0.5457,-1.0037,-2.4672,1.4041,0.6259,-0.4431,-0.3024,0.7219,1.7226,-1.6003,-0.6109
28.5308,7.5641,-2.5642,-1.5743,-2.9271,3.3947,3.2258,-9.1685,-2.6732,-1.7515,2.0219,-3.0707,-3.7521,-0.2748,2.0591,-0.6506,2.0226,1.0687,1.1180,-1.6208,-0.4235,-0.4110,-0.4371,1.0702,-2.3119,1.9042,1.3861
26.9151,10.2279,-0.6173,-2.1576,-4.0176,3.5137,2.3163,-8.4260,-1.3777,-3.6450,0.6724,-3.6318,-3.4240,0.8426,1.6005,-0.3388,1.9525,0.7142,0.0202,-1.8949,0.1889,-0.3383,-0.6385,1.4080,-2.4982,0.8541,0.1294
31.8571,7.7704,1.9167,5.1280,4.2131,-8.4204,1.1296,4.9460,2.3829,6.9715,-0.5883,-0.2814,-0.6851,-0.4975,0.2212,0.1033,-0.7741,3.2300,3.7508,0.9960,0.0710,-0.6244,0.4193,-2.2865,-1.0281,-1.6862,1.6823
27.3511,11.1971,2.2400,-0.0019,-1.7249,-2.9373,-1.0990,5.6367,4.4429,5.5077,-0.0162,-3.9481,-0.9224,-2.7639,0.1171,-0.6049,-1.8882,0.4600,0.3227,-1.8912,-0.5775,0.3443,0.2611,-0.5805,-0.6486,2.0633,-0.5675
27.4693,11.2571,2.2916,-0.0057,-1.6832,-3.2322,-0.5274,6.2417,4.0627,6.1271,-0.0209,-3.5587,-1.4832,-2.7635,-0.1696,-0.4012,-2.1116,0.8498,0.8206,-1.9120,-0.9656,0.2341,0.3681,-0.3756,-0.6740,1.8875,-0.2785
26.7364,11.6483,2.6791,-0.0075,-2.2153,-3.1790,-1.1043,5.6162,4.0893,4.2609,0.3684,-3.9548,-1.4792,-2.6246,0.3825,0.4153,-2.0484,0.5878,0.5348,-1.5775,-2.1844,1.2354,0.3863,-0.4481,0.2948,2.1347,-0.9144
25.9585,11.0169,0.3320,-2.1890,-4.8051,3.6308,2.1774,-8.7288,-1.6448,-4.3034,0.1880,-2.7315,-1.6763,1.6016,1.0181,0.2589,1.3562,1.3066,-0.8056,-0.6230,-0.4050,-0.1721,0.1334,0.2132,-2.2381,-0.7482,0.1003
29.6781,9.7286,1.5959,1.3639,0.3578,-2.4248,-3.8065,2.1010,-0.8434,-0.7567,-1.5015,8.4074,13.5184,15.1377,-2.6886,2.1658,-5.3833,-6.7810,-1.7128,-5.5320,-5.3678,-0.1787,-0.8719,2.7654,-0.8458,0.8353,-0.0974
31.3389,9.1112,0.6253,3.0280,2.9178,-5.2059,-0.7476,5.4177,1.6887,5.8367,-0.6352,0.8709,2.2553,0.4185,0.3860,-0.5674,-0.6985,2.1972,2.2303,-0.1775,0.4130,-0.2269,0.3828,-2.1814,-0.7751,-0.5227,0.5918
29.1891,10.7528,0.3199,-0.5551,-1.9284,0.9424,1.3829,3.3830,-2.7532,-0.5023,0.0046,5.9116,1.8071,0.5117,0.4469,-0.8949,-0.0206,-1.9904,-0.3634,1.5754,0.8749,-0.0857,0.7580,0.5789,1.2153,0.4068,0.0294
24.1748,14.3281,2.1928,-3.3034,-6.1710,0.7940,-1.0823,1.2203,3.2766,-3.9257,-0.3208,-5.8337,0.0226,-0.5658,-2.1181,1.8347,-0.7273,-2.6669,-2.1151,-0.0031,0.8975,-0.6437,-0.6490,2.6883,1.3091,-0.4764,-0.3260
31.6047,6.8812,-4.1033,0.0605,0.2583,3.6251,1.6082,-10.8967,-3.8015,-2.8863,0.1769,1.2557,-0.1663,3.3504,1.4076,0.0393,2.5409,1.6951,0.2879,-1.2443,-1.2940,1.0467,0.6020,-1.9698,-1.1647,-0.7607,0.6305
24.5327,12.6685,2.5348,-2.3007,-5.4602,1.8147,1.6608,2.6381,-1.3153,0.8124,0.8156,4.7476,-2.6544,-2.6054,0.2333,-2.2386,-0.6820,-1.1600,0.5886,1.6682,1.1173,-0.5202,0.1789,2.8697,0.2178,1.1798,-0.3580
26.7037,9.9434,-0.7191,-2.0307,-4.3644,3.7421,2.7270,-8.5690,-2.0889,-3.4444,1.1251,-2.8577,-3.2743,0.9485,1.9671,-0.4957,2.0637,1.4605,0.2366,-1.6037,-0.2002,-0.1820,-0.5898,0.7903,-2.4646,0.7344,0.4267
31.0904,6.6373,-4.1328,-1.0437,0.0534,3.5419,1.6222,-12.0166,-2.3414,-1.3586,-0.2219,0.3692,-0.9454,2.3692,0.4682,0.9603,1.5167,2.2791,-0.0660,-0.6792,-0.8472,0.6592,0.4090,-1.9927,-0.3535,-0.6241,0.5457
29.5752,11.2041,-0.3502,0.5452,-0.5612,0.0992,-3.1242,0.2495,0.7423,-2.2877,-0.6028,0.7246,3.3391,1.8919,-1.1390,0.5385,1.4953,-0.4687,-0.9257,0.5123,0.3914,0.6358,-0.8660,-2.1246,1.6712,-1.2369,-0.3875
23.9150,12.6376,3.2094,-2.2876,-6.2891,1.6936,1.6430,2.1910,-0.9160,1.1702,0.9821,4.1941,-2.9102,-2.8034,0.5119,-2.0205,-0.9943,-0.5287,0.5404,1.2537,0.4163,-0.1601,0.0011,2.1366,-0.2629,0.9482,-0.2690
28.3711,11.2599,0.6874,0.2152,-0.8280,0.2936,-4.4938,-0.5974,1.8179,-2.7520,-0.0994,-0.4135,0.9956,-1.0486,-1.0856,0.7261,0.9277,0.5125,-0.3388,1.0897,0.1395,0.9885,-0.8534,-2.5601,1.6995,-2.6556,-0.5593
25.1222,12.2715,2.2279,-1.7308,-4.9243,1.4701,1.9053,2.9251,-1.7437,0.9507,0.8398,4.6925,-2.2349,-2.8000,0.6868,-1.9956,-0.2000,-0.8586,0.3761,1.9591,1.4020,-0.1880,0.3339,2.4979,0.6083,0.9550,-0.8078
25.1968,12.3050,2.3449,-2.1864,-5.4409,1.4222,2.0060,2.8849,-0.9604,1.1510,0.8897,4.7666,-2.8760,-2.6590,0.1808,-2.2767,-0.3657,-1.4393,0.1264,1.5428,1.6646,-0.5593,0.2707,3.5701,0.2724,1.9366,-0.6617
29.0686,10.7883,0.3460,-0.5824,-1.9363,1.0141,1.2056,3.2573,-2.7080,-0.3632,0.1687,5.6192,1.3002,-0.4134,0.3092,-1.1498,0.1701,-1.5315,-0.6496,1.6153,0.9585,-0.2447,0.5133,0.7369,0.9781,0.6907,0.0288
