10.251350,9.532161,-9.490562,18.679867
8.124158,10.282572,-10.891592,1.439259
10.248112,10.325068,-10.201840,-16.095020
7.060206,10.335287,-10.342885,-8.683445
9.340451,7.637566,-10.430856,-9.432704
9.588944,8.533758,-10.545429,-7.889474
9.698755,9.658446,-10.361000,3.281204
9.191701,10.632161,-10.339793,-1.427826
9.860042,10.601784,-9.635704,-5.344310
10.101265,10.546743,-12.775094,6.004093
7.975747,8.541848,-9.279274,-5.337969
7.628524,10.030548,-9.173643,-8.132898
8.920193,10.302834,-9.660276,-14.177522
10.006827,10.589655,-9.942512,-17.527236
9.830107,10.977145,-8.934257,12.655974
10.684534,9.796905,-10.782540,-13.795124
8.699044,11.191579,-7.994227,0.864638
11.211671,10.398893,-10.647265,-18.131379
9.883522,10.266644,-8.730833,6.081023
9.706652,9.661750,-9.018008,-7.757655
8.532847,10.539819,-10.332360,-13.577013
11.337799,9.312732,-8.733740,3.124810
11.083326,10.173345,-11.078545,-19.256757
12.072053,9.898013,-9.040351,10.995506
8.749225,9.956292,-9.156163,-7.756692
10.197584,8.426331,-9.668525,-18.118692
7.990047,9.795557,-11.608985,16.010662
10.256552,9.391761,-11.091629,-4.479413
11.107985,9.774241,-8.853724,-13.487910
10.207029,9.826131,-8.703743,-6.840483
10.732287,11.342713,-7.594578,-4.098794
10.293669,9.981822,-9.312873,-12.362284
10.877609,10.373711,-10.057849,-14.124717
10.287253,11.603439,-11.255331,6.502474
10.640509,11.121559,-9.848491,-10.183847
9.196514,9.977408,-10.781804,13.424450
10.067024,8.762048,-11.420903,14.446587
9.742913,10.609338,-9.876135,-4.091644
10.771187,8.168803,-9.977867,5.137441
8.480108,9.467179,-9.771872,9.259814
10.353022,10.183909,-9.927413,-18.025824
10.343542,10.623435,-8.936526,1.884244
9.876931,10.322387,-10.377109,10.321818
10.524320,10.642173,-9.440981,-13.553108
8.815217,10.654725,-7.721201,-6.690534
8.258226,9.205353,-9.444637,-1.134628
9.211646,8.191792,-10.432026,12.091649
10.125329,10.149224,-8.517432,-9.724058
10.303359,10.343866,-10.251150,-14.337649
10.812209,9.186855,-9.534068,4.417349
10.399323,9.653625,-9.715730,-4.412954
10.943564,9.431068,-9.869321,14.043578
10.808615,10.260384,-11.594656,0.475195
11.124356,8.827912,-7.925756,18.240670
10.312513,9.413674,-10.167803,12.619128
8.965099,8.233640,-9.268105,-12.573158
9.501960,9.563639,-10.676501,18.097142
8.925014,11.172872,-10.478841,14.890967
8.586484,10.759719,-6.974635,5.599032
11.076147,10.173564,-9.103184,4.621298
9.517789,11.877611,-9.613898,-2.771183
11.001857,10.912008,-9.917069,-14.639034
9.877304,10.631908,-9.924105,13.587683
9.195628,8.701512,-10.766657,-1.130203
9.537866,9.603945,-8.971027,10.425143
9.770856,8.977713,-10.127730,8.817773
10.875045,8.294579,-9.029512,7.656137
10.170032,10.437454,-9.220041,-19.229952
10.145415,9.785994,-9.996565,-7.994407
11.116657,9.932555,-9.851615,3.040065
8.494582,9.353878,-8.940108,18.928676
10.197808,11.412378,-10.208611,-3.128100
9.813432,11.001545,-8.866131,-5.126319
9.715379,9.363305,-11.212910,11.508499
9.584700,9.394639,-12.797951,-17.534977
10.916535,8.723278,-9.124464,17.857461
10.657619,11.388574,-9.818568,-19.321194
8.402456,8.612776,-10.597339,16.821927
8.021738,9.877458,-9.424556,1.984318
9.759250,10.385104,-11.027082,-9.596567
8.782504,7.926937,-12.180471,7.090390
10.437043,10.487436,-9.755874,-1.934201
10.230140,8.873588,-10.321653,-11.722304
8.863799,12.577568,-9.830271,-9.823193
9.256976,12.268281,-9.069675,-7.790333
11.090564,10.398198,-10.964091,7.368098
9.216446,10.998958,-9.597600,-6.371401
11.879854,9.902222,-9.373955,-12.274746
10.788129,8.867899,-9.803801,19.602900
8.028759,9.657781,-10.842282,-2.813987
8.753228,7.743232,-9.926118,-2.469381
10.527586,6.330736,-11.320494,-1.664864
10.903357,9.688491,-9.055312,5.732175
8.919928,9.551731,-8.631298,-19.062429
12.268277,10.526708,-10.343108,-13.093496
9.418896,10.057080,-11.052409,-15.438645
10.478659,11.716505,-7.752152,-10.822666
10.545210,10.437592,-9.712259,-1.781759
8.614105,10.106928,-8.480321,-12.679150
10.422332,10.489776,-9.883679,-12.810098
9.412208,9.930591,-10.421823,-9.592309
9.786616,10.787696,-10.090059,0.183977
9.885249,10.102161,-11.169325,3.246629
10.392947,9.008547,-9.505285,-10.744049
9.770638,9.036102,-9.558247,18.243860
9.823013,10.734675,-10.816672,4.673234
10.206760,10.969682,-10.668063,-2.334958
11.387029,10.123507,-11.495591,-0.511286
10.555971,10.761002,-9.514679,6.237251
9.212898,9.633034,-10.570277,-18.923686
10.803141,9.727641,-8.660301,-10.335239
10.406214,6.932546,-10.299374,-9.090563
9.959315,10.702945,-11.918664,11.749281
9.385035,9.939903,-9.970286,6.220681
10.226765,9.746054,-10.446627,0.667099
8.994943,9.197327,-10.532971,11.365219
11.315974,10.854509,-9.671510,-19.475965
10.324517,9.480441,-10.680010,-7.379513
9.160495,8.897508,-10.536574,-0.131984
10.398918,9.816355,-13.623253,-9.307176
9.574249,10.598671,-9.048989,-1.263082
10.288066,11.088068,-10.446603,1.770138
10.612365,10.144626,-10.426264,14.992986
9.879097,9.904430,-9.583804,10.604426
9.012656,9.213758,-8.788576,-0.296652
10.076658,9.325351,-9.835291,9.085687
9.777037,9.661659,-10.089468,5.858313
8.037857,10.640139,-11.690609,-5.243295
9.316952,9.319692,-9.383491,-18.234838
8.859328,10.529943,-11.467215,4.726341
9.646575,10.189967,-9.575049,19.532952
8.813991,9.747832,-8.090408,-12.663615
9.160968,10.586448,-11.219793,-8.789328
9.684442,9.847593,-10.730417,-18.209049
9.757366,8.496066,-9.981237,11.393717
9.043643,10.553274,-10.459479,-1.322329
10.535671,9.299000,-10.621631,10.815414
11.407597,7.767097,-11.030292,-2.040089
9.468575,8.655996,-12.158305,-15.891515
9.996361,8.855285,-10.102113,9.205790
8.328966,8.598631,-10.939321,-18.796678
10.486762,10.588615,-11.280996,-13.701270
8.979339,12.891867,-10.128623,11.059386
10.138166,9.755872,-9.283289,1.399689
8.747833,7.278895,-9.476686,-7.370015
8.955775,9.844036,-9.433044,10.447748
10.610140,9.362785,-10.409679,-15.022059
10.268224,9.029231,-9.933200,6.626088
11.287566,8.147861,-9.695479,-6.610658
9.797429,9.932277,-9.280469,-0.310888
9.734770,10.034602,-11.233380,15.113833
10.174289,9.587189,-10.595491,-5.424380
8.812754,9.206296,-10.086344,-3.953907
7.852960,9.305401,-11.189365,-10.444803
10.753280,9.337079,-10.837791,-7.062661
8.916660,11.097688,-7.043263,10.452384
8.768183,12.597065,-9.696240,-0.374758
10.257270,9.545837,-9.552642,-2.668142
9.332773,9.983680,-10.546249,4.246825
9.046813,11.407546,-9.665552,3.043956
8.691140,9.634061,-10.420594,-8.355763
10.351210,9.491248,-7.707969,-4.102432
9.501991,9.255575,-8.764131,8.919937
9.516745,10.122117,-8.921630,-16.381710
9.633229,10.912347,-10.209050,-18.155102
11.869568,10.131001,-10.746651,4.527274
9.484552,9.846882,-9.315788,-19.386474
8.917930,9.722226,-9.620415,1.921103
9.468222,10.769400,-9.623127,11.474759
9.987341,11.808311,-9.898237,3.487518
9.567169,10.287153,-9.179117,5.980619
10.541454,8.658804,-9.949110,7.649011
8.494732,10.535559,-10.451053,7.766954
9.679845,8.144812,-9.995949,10.661137
9.641362,7.632390,-9.401765,12.055089
7.977515,8.566462,-9.347135,12.474403
10.024634,8.861844,-11.485240,8.742572
9.083468,10.617444,-11.291481,17.189445
11.955447,10.539170,-9.880891,4.725520
11.080968,9.346800,-9.469310,-11.980926
9.423359,10.916214,-11.344436,-9.108282
8.339735,9.914566,-10.174394,11.060710
9.203688,9.343994,-9.243603,1.733038
7.209176,9.313879,-10.265397,8.671250
9.771507,11.273690,-11.430523,16.719173
10.604578,10.318575,-10.678120,14.943012
9.286204,11.011625,-8.614134,-19.199613
9.926146,10.190653,-10.043210,6.523021
9.917828,9.811187,-8.309210,-10.483876
11.095120,11.562528,-10.599269,-19.154481
9.684891,9.909256,-11.555311,-2.360913
10.327690,8.707116,-9.803813,-8.982595
10.535680,10.030535,-10.383108,18.771727
8.981104,7.412412,-10.652038,11.253963
11.050161,8.982246,-10.504832,-15.345332
9.713344,10.846198,-9.131538,14.743026
10.055714,11.181334,-9.097531,-0.182331
10.502176,10.162890,-9.927123,9.741187
8.947350,9.541702,-11.075773,3.249096
8.363778,10.641322,-11.263363,-19.392684
9.486035,10.596367,-10.279340,-8.189896
11.209648,10.734694,-10.202702,-9.880998
9.202051,10.567943,-10.981846,-18.251209
11.742270,9.810328,-10.257667,12.204765
9.866352,8.191646,-9.532717,0.690688
7.777962,9.944464,-10.398446,-4.022346
9.387199,9.155353,-10.637613,8.063325
11.720464,11.672304,-10.986224,-6.841006
9.842743,8.854777,-10.857242,-18.021761
7.996812,9.319401,-8.050516,-19.163464
8.619616,9.685635,-9.198797,2.112310
11.240964,10.901427,-10.957092,-11.237551
10.055675,8.655299,-8.225607,-16.809046
8.978093,10.119693,-11.357091,-5.160457
9.032568,10.384479,-11.255498,-15.979761
10.770358,10.608861,-8.740939,-19.395243
9.160675,9.566462,-10.394543,-5.868881
9.719939,9.823264,-9.061684,3.459596
9.754570,10.685554,-10.281377,12.418200
10.465693,8.890913,-8.972365,-10.265086
9.188836,10.996353,-11.450490,-16.044071
10.358865,9.051100,-7.457326,5.866585
10.274202,8.796196,-9.948427,13.552693
9.611739,9.901931,-9.874513,4.872408
8.477854,11.607171,-10.843536,-15.883398
8.659124,10.681077,-10.289739,-19.545897
10.379477,10.843965,-10.010407,-13.801672
11.277702,8.399765,-8.799216,-4.678468
9.846037,8.526668,-9.159076,17.562216
9.485648,10.523443,-11.297782,0.892228
10.386124,9.365761,-10.689260,12.133527
11.188572,9.475517,-8.881392,-4.284167
8.783732,8.907343,-11.899405,-6.546957
9.893454,10.122359,-9.740614,-7.962710
10.823266,8.677112,-11.106540,-5.753048
10.528738,11.114755,-10.105251,14.452588
9.842240,9.561441,-8.040739,-19.562162
10.004132,10.636230,-9.456209,-8.649024
9.272549,9.200038,-10.755429,-12.083703
9.860329,9.591936,-9.571886,-10.752631
11.279754,10.602405,-9.902189,-4.983966
9.250643,10.536478,-10.320106,-7.279444
9.132573,10.883349,-10.812177,-17.420241
10.619622,9.800957,-11.845036,19.854877
11.009508,9.137471,-10.521658,13.574762
11.383340,10.470391,-10.424858,4.260579
8.155380,9.215452,-9.920667,11.684931
8.902563,9.303240,-10.073366,-6.603490
8.713480,9.091645,-11.868509,-16.216803
9.332581,8.525623,-10.641078,-19.152708
-8.834499,-10.430034,11.142654,-9.081401
-10.281387,-10.500243,9.868263,15.526958
-10.341876,-10.954270,10.813373,-18.322390
-11.146450,-10.479017,10.284125,-8.267627
-9.265688,-10.179565,6.805976,-1.017093
-10.359203,-9.807741,10.354292,-10.499598
-10.695425,-8.967051,8.570725,-8.297423
-9.300023,-10.001689,8.865850,15.224474
-10.539632,-10.023066,9.714851,-18.518267
-10.217978,-10.163743,9.406891,-15.277879
-10.338449,-10.949101,9.009980,-16.081441
-10.206391,-10.773765,9.808835,-3.638352
-9.311690,-12.274025,9.519717,-2.491546
-8.052553,-9.352907,10.622957,8.424892
-11.752282,-8.992263,8.301937,-9.042303
-8.733742,-11.620802,9.840021,-13.139525
-10.806319,-9.513991,11.430101,-6.474591
-10.456995,-9.796497,10.167102,-10.168782
-9.432477,-10.175533,11.291783,3.374884
-9.802612,-9.362306,10.741696,-7.381818
-10.258885,-9.214768,9.339960,-9.121451
-10.266949,-9.826133,8.563138,-6.622575
-9.251558,-7.404504,10.265917,-0.893144
-9.071826,-11.045296,10.517827,2.391267
-8.673760,-8.594264,8.019353,-3.597281
-9.905724,-9.321527,9.696296,-1.511502
-7.589461,-8.752019,10.906226,14.921261
-9.872215,-10.478934,10.446100,4.643549
-8.664300,-10.288879,9.991575,1.462701
-7.962868,-10.359159,8.661244,8.847360
-8.611457,-9.408918,9.354743,19.899189
-10.246607,-9.736235,10.733952,-11.251014
-10.520722,-9.781838,11.228288,-17.381350
-10.446440,-11.483388,12.097318,15.236656
-11.510082,-10.329969,10.109960,-12.122751
-10.633174,-11.272850,11.043133,8.140730
-9.715948,-12.003716,10.197599,-9.406548
-9.440633,-9.973730,10.725604,-15.133618
-9.242040,-10.579343,9.623863,5.335598
-10.817754,-9.482532,9.332317,-14.590377
-9.772630,-8.521763,11.509996,1.569564
-9.134448,-10.922683,10.794272,12.906239
-9.977828,-10.670310,10.164886,-2.632586
-11.704157,-10.309514,10.153819,19.655319
-11.352616,-11.169241,9.694113,-19.356476
-10.797810,-6.444280,9.093438,-4.611167
-10.298637,-10.360411,9.172959,-18.260520
-9.003120,-10.485289,10.396038,-12.176577
-10.744989,-10.480449,9.541495,-12.352850
-9.733782,-9.908155,9.404733,8.632827
-7.950330,-10.777508,10.177046,-11.897217
-10.625268,-11.457341,9.002532,2.103208
-11.433586,-9.278592,8.639426,-10.862568
-9.455763,-11.249454,8.700713,12.704682
-10.344394,-13.612110,9.028483,3.263000
-8.096990,-9.527491,11.432863,-2.818759
-11.178113,-10.529807,8.599079,4.185313
-9.384476,-10.472112,9.232961,17.291407
-10.311845,-9.956283,11.505923,7.272545
-10.811945,-10.070099,10.265704,-19.812633
-9.986647,-9.938631,9.391125,-5.388249
-8.875289,-8.141593,9.787961,-19.646786
-9.595472,-9.730109,9.569349,3.907116
-10.835137,-9.089775,10.110062,-7.113465
-9.740794,-8.327621,8.272025,-1.539471
-10.255900,-9.994084,10.229518,-7.705039
-11.262911,-10.856881,9.653313,-15.276256
-11.163424,-9.233835,11.559037,-5.845592
-10.168058,-11.067373,10.200276,16.405769
-9.993828,-9.470681,8.447824,-4.749502
-10.589056,-10.520121,8.838600,5.265316
-10.746699,-10.567691,10.257396,8.504410
-10.041112,-10.898505,12.969808,1.119978
-9.622892,-9.126794,8.372423,18.588871
-9.402812,-11.172336,11.495883,9.880286
-8.475636,-10.857240,10.185961,11.821695
-10.512574,-9.054853,10.855115,15.185467
-10.218430,-10.244888,11.320853,-16.955307
-9.720679,-9.694752,10.755589,-15.518054
-10.027422,-10.016265,10.028898,7.944621
-11.700401,-9.242902,10.846353,9.628816
-9.333418,-12.433696,10.084557,5.591976
-8.619930,-8.948246,9.138844,8.927411
-10.080556,-10.901006,10.729044,-12.717915
-10.402175,-10.453358,9.213149,-3.442146
-9.038772,-11.080656,9.608496,-18.987780
-10.633411,-12.444200,9.791972,13.121065
-9.222200,-9.475748,9.147119,0.073347
-9.838974,-8.421240,9.981589,12.769075
-10.288856,-9.611000,10.504365,8.846070
-10.158146,-10.006021,10.563226,14.162672
-9.339046,-11.621279,7.763751,-10.892791
-11.123282,-10.754003,8.892609,12.596828
-8.442146,-10.268961,10.442247,13.717956
-11.222888,-10.937943,9.941904,-7.667004
-10.973007,-11.582954,8.005420,-19.492520
-9.854657,-10.918418,10.905080,-14.282510
-10.168525,-9.198907,9.887254,13.539804
-10.041650,-11.705025,8.341147,-7.429986
-9.378995,-10.563220,10.976149,-17.451718
-9.577713,-8.243760,7.952579,-5.315654
-10.853665,-11.129534,9.020395,18.941988
-9.526853,-11.693638,9.085535,-6.816889
-10.170810,-10.940355,8.590968,18.302904
-9.522878,-9.124189,9.929114,-17.463943
-10.537869,-10.161568,10.301311,-13.782364
-10.799356,-10.748482,11.493024,-10.293911
-9.745399,-11.022004,9.008396,-7.328373
-9.946606,-8.509242,10.308860,-5.069029
-10.331445,-11.592393,7.378511,-16.141036
-9.596105,-9.486713,10.639485,15.381557
-9.956442,-10.784494,8.885376,5.780550
-9.037450,-10.838890,10.131177,-15.634656
-10.812993,-11.061813,8.373560,1.634403
-9.437382,-9.141470,9.256185,12.340571
-9.430414,-11.393828,10.331299,12.168608
-8.778513,-9.742056,10.311555,-17.371462
-9.869071,-9.967571,9.394523,-9.485039
-9.724524,-12.191970,10.413390,-5.469187
-9.735465,-9.163363,10.532616,12.789865
-8.197368,-10.740604,9.143896,-15.853838
-9.754941,-10.387113,10.373954,16.593494
-9.350947,-11.348567,8.726922,-11.758871
-9.973366,-10.275658,10.847233,10.290066
-10.557571,-10.333403,10.777587,-6.727351
-9.875309,-8.312386,12.409852,-17.878948
-9.769466,-9.374998,10.157267,-15.926730
-8.617918,-9.787022,10.637363,10.599712
-9.766246,-9.595717,10.849077,-10.162406
-9.910638,-11.733308,9.702314,2.222691
-10.748830,-8.834768,10.796647,13.746864
-9.275678,-10.036340,10.369074,-12.659497
-8.095367,-11.446674,9.733489,-10.863783
-9.352929,-12.597219,8.841117,6.855918
-11.181225,-9.576506,10.381426,-15.249545
-10.957957,-10.370783,8.260822,-14.866078
-10.446072,-9.659994,11.041368,3.626307
-8.733616,-8.256204,9.818148,13.585622
-9.322041,-8.438613,9.421984,-6.824927
-10.813792,-10.191670,9.564481,16.177142
-10.310746,-10.778195,7.441899,-5.676009
-9.788186,-10.909725,11.541099,14.963457
-11.407274,-9.303015,9.047368,5.254266
-9.320551,-10.132005,9.669684,17.874463
-9.629309,-10.436592,11.121462,13.214091
-9.172553,-9.326848,9.126795,8.903837
-9.681200,-10.533124,10.697133,12.933921
-8.873174,-8.760340,11.413405,17.728657
-7.807799,-10.395136,9.426666,-6.475529
-11.056442,-11.548222,8.638126,-13.665765
-9.875390,-9.743605,10.969818,-9.043804
-8.798214,-10.146301,10.377293,-7.276767
-11.267825,-11.043587,10.122597,13.315112
-10.719737,-9.832001,9.175134,19.875042
-8.245315,-11.093669,10.651552,0.047977
-10.007194,-9.063820,9.931523,-14.025243
-10.610286,-11.073542,9.525817,9.274069
-10.016947,-11.460984,10.755295,6.664429
-9.517634,-8.800484,10.274985,-11.181283
-8.972151,-10.793915,10.044909,-0.642151
-8.340405,-9.360065,10.190418,-14.534625
-10.563468,-10.074186,8.897911,-16.239786
-11.344584,-10.747078,10.295600,10.545642
-11.452542,-11.099909,9.969695,-2.279673
-11.167861,-9.326713,10.294795,16.681989
-11.571198,-9.838943,9.254942,11.326165
-9.425768,-8.571112,7.005533,10.026605
-8.455497,-10.540451,10.468404,-19.630826
-10.105103,-8.375172,11.414463,8.806274
-10.084553,-8.126668,10.697144,3.626477
-10.921226,-12.086030,9.166809,-19.678190
-9.728333,-8.932032,10.291647,13.628652
-10.176295,-9.830591,10.936791,17.395482
-10.227971,-9.694454,9.350898,-14.023952
-10.101477,-11.628277,10.764091,-19.997334
-9.872448,-10.480840,11.718312,1.674960
-8.487675,-9.319307,11.078826,2.010728
-8.113296,-9.964818,10.167819,-8.798486
-8.869741,-9.054657,10.205495,-9.038221
-11.002089,-9.920769,8.895788,16.006475
-9.962723,-10.639406,11.257039,15.927083
-10.207311,-9.786755,9.174485,-14.841830
-11.367875,-10.523250,10.998256,-0.060510
-9.270771,-9.266843,11.102525,12.607344
-10.242928,-10.090538,9.468718,-4.210130
-12.339421,-9.506596,9.249329,-19.310743
-9.714658,-8.491949,10.942437,13.687448
-8.906824,-11.207202,9.802975,-13.102499
-9.222289,-10.537028,9.572714,4.552444
-8.642781,-11.914292,8.100608,-3.753214
-10.125331,-8.633397,10.016489,12.934190
-10.569667,-11.371476,9.183184,-18.916571
-10.391028,-11.417589,11.114335,-17.796995
-10.898339,-10.532429,10.015362,9.048514
-10.391918,-11.435976,9.745088,3.522358
-10.937093,-10.173984,10.346988,-5.211650
-11.556011,-10.325894,10.323989,9.508962
-11.692356,-9.579602,12.127645,-4.976306
-10.285489,-11.909639,8.550460,8.145707
-11.306145,-11.010112,10.100045,2.641836
-9.892397,-10.377883,10.004171,-9.436618
-8.378318,-10.304752,9.546239,-6.253354
-10.415085,-10.925146,10.658458,-19.354534
-9.293060,-9.607489,10.072141,19.420419
-9.524729,-10.999437,9.614969,-16.445323
-8.753286,-12.168877,11.531174,-13.160805
-10.869559,-8.959617,11.614858,19.420321
-10.614733,-9.491466,10.977353,-19.573948
-9.914340,-10.279037,8.794879,-9.619619
-10.159373,-9.844652,9.682726,-11.107252
-9.432981,-10.274459,9.142842,13.095362
-11.915357,-9.798330,10.462307,3.165434
-10.351909,-10.480811,11.014260,-1.867942
-9.053343,-10.833905,10.138953,14.720145
-9.607694,-9.826465,10.986825,9.533087
-9.780662,-10.905718,8.709819,19.134922
-9.969386,-8.385738,11.281505,-11.725379
-10.436672,-9.292850,9.069347,15.900772
-11.434310,-9.258446,9.816537,-12.298676
-9.671782,-9.187889,9.959838,15.998621
-10.747720,-11.230927,9.583627,14.457599
-10.993519,-10.876515,9.940789,11.964024
-9.435611,-12.075270,10.517653,-10.961676
-10.207628,-8.580610,11.187923,16.080482
-8.390776,-11.631311,10.904068,12.977859
-9.818315,-10.440231,10.540054,-13.080830
-10.572596,-9.334732,10.558475,-3.457141
-11.017212,-10.327729,8.970798,7.132343
-11.704561,-10.184067,9.157207,4.457772
-12.630163,-9.167875,10.577629,-8.716113
-9.235108,-9.356643,8.741817,-14.152079
-10.230768,-9.603397,8.059956,-2.117404
-12.075720,-11.194983,8.389812,-10.855264
-11.109805,-10.402164,10.217590,-13.118130
-10.347509,-9.974757,9.583845,15.563887
-10.046460,-12.021949,11.143038,-18.206344
-10.439489,-10.182903,11.196747,14.995575
-11.994718,-9.618727,8.824758,-4.571424
-8.689737,-9.701598,9.369913,6.725337
-10.830213,-8.589146,8.929181,6.787197
-9.020735,-9.716435,10.742245,-17.075154
-9.261908,-8.962667,9.803854,3.422927
-8.703410,-9.719269,9.333693,-10.781485
-9.245271,-10.398062,8.487718,-0.924866
-9.934612,-9.432564,9.265089,10.361819
-8.614899,-9.668352,9.183072,-7.696937
-10.782073,-9.626367,10.442580,16.771026
-10.129163,-11.034362,10.093411,16.863347
-11.096292,-10.969239,10.111408,-11.717448
-10.200907,-9.886305,9.275748,15.601545
11.204917,9.391362,9.602613,19.285006
10.294079,8.073097,9.380508,-1.108460
9.160269,9.581440,10.945035,11.312398
10.790229,9.379496,8.886725,2.987337
11.197102,8.186602,9.934593,-15.438423
8.806172,10.851776,10.397920,11.517148
11.617744,10.837057,9.890727,-15.057664
10.657961,8.820268,8.115984,0.883609
10.381131,7.841692,11.984079,8.464758
10.118931,8.504714,8.380688,-14.219270
9.255264,10.392293,11.127167,-17.100037
11.965909,9.605454,8.777041,6.168595
10.057392,9.205645,10.668574,-16.889741
10.770928,9.540832,11.273321,-15.244870
12.151815,9.615064,8.933827,15.563070
9.684431,10.161730,10.282874,4.791520
9.365588,10.748071,9.311146,-6.003269
12.167017,8.892811,9.014605,-11.483617
11.583117,10.007504,10.191331,0.455443
10.559226,11.513393,10.537575,-3.777150
9.723940,11.586124,11.527138,17.714990
9.482080,9.478900,11.441392,-10.016027
9.896603,11.774844,9.537568,3.322271
9.840820,10.189039,8.494012,-14.716211
12.005754,12.502579,12.593567,-5.951183
9.469059,9.183085,11.272577,18.248101
9.474946,9.232296,11.149411,8.694017
11.427847,8.337176,10.493509,6.050446
11.752655,10.020646,9.749014,3.067077
9.383557,7.924442,9.270145,3.890682
9.633934,9.974832,10.254379,-9.013934
9.984188,9.552706,9.817061,-19.343370
7.990424,10.200997,9.414882,18.543519
11.833121,9.891879,11.019801,17.891611
10.744864,9.656452,9.257828,0.571843
7.828169,10.303707,11.958341,19.321401
10.665205,9.359703,9.580456,8.618390
10.265259,10.256476,10.580806,10.462360
10.845549,9.897086,11.136732,11.962828
10.728962,10.750555,12.585802,14.413631
8.202326,10.372959,8.962142,5.047150
9.298164,9.932103,9.470755,-4.464305
8.617680,11.171422,9.728630,-2.021012
8.814188,10.286200,8.948425,-3.479300
8.267542,9.897996,7.901576,9.143256
10.751077,11.012177,8.123273,11.327442
10.259304,10.571171,11.254078,7.152691
10.103363,12.694152,9.446699,-3.841032
11.845397,9.215461,10.527977,-17.433576
8.344887,12.812447,9.036670,-14.729859
8.914933,8.966450,8.412982,14.042156
10.562991,8.426581,9.810564,14.475626
9.171801,8.721619,9.429730,-0.382359
9.175916,9.618467,11.078574,17.197005
9.200817,11.184425,11.855826,6.346073
10.216503,11.468175,10.959451,15.886098
9.402955,8.444011,10.279020,1.529936
11.020856,10.112620,10.983228,-17.855222
10.178277,11.574235,9.800296,15.101479
9.706433,9.315898,9.618005,18.595660
10.319621,9.052451,11.167720,-0.921425
9.632059,11.200117,8.179583,-10.206412
9.448648,9.245932,10.192707,13.141487
11.238513,9.762267,9.317543,-16.525651
11.472191,8.903840,10.053898,-19.257932
10.629065,11.372777,9.921254,-0.713900
10.033696,9.600343,11.524350,5.751535
11.284539,9.871809,8.333451,-1.994419
8.556702,10.001373,9.331346,4.098442
7.902965,8.317197,9.158732,0.941491
10.302517,9.598558,10.110541,-18.864021
9.353809,10.742658,9.124340,8.755754
11.058457,8.961429,9.559780,-13.652724
10.391963,9.849401,12.789958,-12.951048
10.477092,9.657696,11.409584,-8.913460
10.429409,8.482158,11.445794,3.039009
10.451819,10.856727,9.928474,-2.389873
9.652024,9.245655,9.610348,2.725424
10.774479,9.298082,9.500744,-18.284223
7.934052,9.350645,9.891856,-1.048053
10.058015,10.747973,10.007537,16.209054
9.986498,9.604709,10.889940,4.920057
9.083458,8.857879,9.620875,-7.480738
8.478384,10.020251,10.007237,17.336214
8.924904,9.521433,9.862653,-7.625767
10.454425,9.757349,11.155294,6.942123
8.182854,10.182107,9.934816,4.332637
10.410578,8.730180,10.954423,11.084650
9.143696,9.478829,9.852306,5.862350
9.036119,11.301462,10.865974,0.740103
9.258867,11.027503,8.855988,-3.876413
9.252066,9.621001,10.171715,12.641357
8.017570,10.231060,10.738319,-8.178837
10.543019,8.962935,9.785518,14.966054
9.298452,9.824695,8.701476,-15.564642
10.923305,10.179768,9.152124,19.685773
11.226551,10.666865,9.050285,9.336076
9.769292,10.566055,9.139458,-14.145852
8.935283,11.308055,8.915552,6.521891
10.265548,9.787080,8.945002,10.386740
11.402705,9.098171,9.288799,-7.930041
9.416423,12.178758,9.926338,8.449069
9.135330,9.556585,10.789701,6.872242
8.871296,9.187657,8.325943,-3.868260
10.079110,11.293941,8.038953,0.734432
10.546611,9.307865,10.851520,-12.781425
10.029079,10.410357,8.788780,16.217898
9.419341,8.024186,8.574041,-2.235248
11.518777,8.866658,10.318007,3.474755
10.536842,8.992619,9.364234,-11.531430
10.204498,10.322673,10.744199,13.924465
11.597412,8.794329,10.876642,-14.143508
10.111385,11.221591,9.538683,19.336892
8.080758,10.155560,11.506457,-9.716683
9.146624,10.443206,9.537305,-17.871676
9.739586,9.706200,10.524893,-17.650286
9.171616,10.023512,9.572958,15.794343
11.426036,10.149385,11.350450,-7.339103
9.747386,8.208659,9.568395,7.796247
7.559710,11.310037,9.066634,-4.515423
9.588832,9.177799,9.756697,-11.057927
10.845626,9.705400,10.010619,-18.418561
12.185396,10.068912,9.937577,-9.490219
11.219871,8.462589,10.765848,-6.143601
10.608777,10.948244,8.340248,-16.091424
10.829349,8.875336,10.570944,-2.705052
10.706711,10.581128,10.786482,-0.069555
8.560779,10.068692,9.272097,14.716263
9.604115,10.109220,8.836914,-9.856848
11.392737,10.937754,11.499128,15.348580
10.229729,9.584304,9.599703,7.467923
10.458385,10.124461,11.242993,11.398759
9.260157,12.063729,10.481582,16.709400
10.746327,9.365513,8.314209,14.976935
7.776270,10.167493,10.706651,-10.154494
10.300794,10.269592,9.018147,-19.571880
11.179881,11.204837,9.222987,-4.852932
9.155069,11.557991,8.622364,-3.931403
9.430516,10.780805,10.381538,1.047422
10.069835,8.458366,11.150163,16.191176
9.650316,10.405489,9.246474,-15.531862
8.918460,11.364402,9.475183,-0.222701
9.770449,10.413148,9.906889,-10.080544
10.294033,8.489141,9.790658,1.977704
8.756569,8.760949,10.516104,0.716472
8.625228,9.085787,8.819376,7.898144
10.103021,9.843089,9.545916,5.108502
10.360016,10.911544,10.011203,-10.063456
10.217880,9.702672,9.943152,1.164076
10.925765,10.946670,11.605957,-13.200921
8.220978,8.377657,9.625414,2.119686
9.266297,9.787844,8.823327,-17.925063
8.967012,10.393104,9.568537,0.628811
9.806139,10.303636,10.823488,15.581998
9.543479,10.268728,9.538856,16.200896
10.610107,10.446415,8.772246,18.000928
10.467913,9.372545,10.849593,-5.048776
9.219488,10.106771,9.696571,-7.289634
8.573872,9.165519,8.881821,-8.054015
10.606237,8.851762,9.857029,18.134417
8.201735,10.277522,8.612228,11.105548
10.826955,9.381336,10.591545,-8.811180
10.003073,8.414981,10.134937,-5.701861
9.630453,9.580999,11.669559,-13.095923
10.641315,11.186154,9.574085,-18.389073
9.473875,10.788526,9.217947,-9.203750
9.479730,10.260326,10.132223,-17.420895
9.731538,8.562856,11.827483,19.973130
11.438255,12.152938,9.710602,-0.406128
8.236124,9.340416,9.631637,5.821219
8.904255,10.746047,9.871890,-2.208468
11.352175,10.278921,9.563712,-16.274903
11.553942,10.280360,8.136577,-13.628587
9.287086,8.741665,9.254425,3.296109
11.252561,8.254408,11.146898,17.242189
7.555152,10.707384,9.997838,-14.038280
11.170105,9.068605,8.351839,-16.684890
8.056980,10.071716,9.922723,16.551636
10.333612,10.368473,9.920884,10.899917
10.752758,8.639073,9.796077,-19.321219
10.629651,10.364049,9.442165,14.930715
9.112784,8.752011,10.039161,13.598527
8.571884,8.796833,9.620116,13.293355
10.523939,10.484304,9.989490,-14.820537
9.965531,11.740543,10.038684,2.361571
10.439317,8.245588,10.870851,19.855964
8.006069,9.436190,10.078177,-16.341153
10.556246,9.201193,9.090641,-2.600925
9.092829,10.909989,9.912147,-7.966729
10.158535,8.687154,11.091947,9.964825
11.321080,11.305182,12.092657,0.884910
11.319022,11.088294,10.734382,3.928492
8.927477,11.444673,10.768855,-13.210034
9.540589,11.244206,9.719123,15.121145
9.458565,12.740007,11.130132,0.233878
9.341486,9.881147,8.669780,-5.158192
10.596975,10.396427,10.349132,15.392162
8.925015,11.085181,8.761543,12.863847
10.097047,8.099461,8.369773,15.427383
8.970971,9.035396,10.293858,15.202511
11.829348,10.452609,7.817638,1.030130
9.320763,9.548604,10.931230,-11.059971
9.623077,8.931045,10.300429,-2.753037
10.386180,10.527718,11.371882,10.909798
10.255752,10.216247,9.666476,-5.234523
9.672800,9.500080,9.816620,18.245547
9.621118,10.003522,10.079059,-8.501334
9.624918,11.184745,9.725901,-19.169965
9.425783,10.380195,10.051843,2.440246
12.927584,10.219335,11.266962,9.596880
9.633130,12.249409,9.565462,18.400254
8.438106,10.915637,9.156367,0.937542
9.791922,10.105186,11.587554,-17.670282
11.087223,10.597783,8.878734,-12.039567
11.181261,10.976803,10.207519,2.200501
10.073078,10.375300,9.837383,-8.642551
10.417277,9.564801,9.650490,-12.218297
9.354351,10.790728,9.517914,14.623154
9.311762,11.983400,9.348641,18.614211
11.791541,9.434670,11.563645,-15.603285
9.242780,8.996881,9.887716,18.392944
9.321780,10.047385,10.010993,9.292943
8.962963,9.576909,9.658109,-6.805451
8.824720,10.068868,11.929455,-11.457676
10.109787,9.264398,11.658824,-18.123140
8.719966,9.814618,9.690270,3.224069
8.350807,10.644477,10.657509,-5.575072
8.810179,9.424634,10.469662,6.787496
11.284859,10.573430,10.592590,-3.889865
10.250433,10.952683,8.940951,8.696108
8.616460,9.953456,9.789980,15.178788
8.796690,11.632057,10.280832,-0.350553
10.003463,12.046917,11.112517,-5.299007
8.916509,9.435344,9.972032,-6.199673
11.112871,8.843530,11.094276,-3.361467
11.175805,9.356116,8.780214,5.707220
10.269228,10.643534,8.933184,17.504513
9.348436,11.109934,8.873640,-9.041621
10.886423,9.740025,9.623735,-11.884230
10.121089,10.591063,9.316614,19.779076
10.560182,10.084953,11.349816,-2.348466
9.926257,11.309314,9.731330,-12.047657
10.188575,10.010815,10.446442,-0.502929
10.107086,10.678993,11.176134,-10.381758
11.014419,9.716428,9.442598,-12.585150
9.737624,10.578114,10.382358,-11.231846
8.658827,8.697948,7.804616,18.491175
9.921304,10.667697,10.772728,-8.213560
8.949985,10.702346,10.938607,-3.937336
11.826618,8.740175,10.207397,16.611121
-8.938207,-9.958434,-10.496778,-3.064646
-10.493235,-8.327802,-11.501758,10.856718
-10.856752,-9.036553,-9.531665,-13.068245
-10.770118,-11.533583,-10.402401,-1.629143
-11.718417,-8.451012,-8.675157,16.541870
-9.007376,-10.546559,-9.132772,16.595714
-10.525235,-9.634971,-10.330132,-13.081815
-9.304011,-9.862288,-9.855436,4.038654
-8.627066,-9.352990,-11.102229,18.883036
-11.172433,-11.126807,-8.775201,17.417019
-8.585006,-8.576021,-9.920780,-4.714898
-10.827001,-11.108241,-7.141514,-8.266440
-8.803166,-10.668224,-10.229968,-2.665712
-9.508648,-9.798470,-7.695955,12.302526
-10.679025,-9.357791,-11.181723,-14.599846
-9.566370,-9.360128,-9.939263,-15.016087
-9.437149,-10.626063,-9.820317,-9.309870
-11.809148,-10.962396,-10.766720,-15.509426
-10.825341,-9.790412,-9.740540,-19.860372
-11.658965,-10.033438,-9.567303,-9.889106
-8.340047,-10.527785,-10.129222,12.672808
-9.452798,-10.470133,-7.519126,-0.619510
-9.235819,-9.176059,-9.323913,-16.150100
-8.964310,-9.451091,-11.752375,10.573168
-11.510075,-8.458976,-8.404701,5.397394
-9.892786,-7.686617,-9.947445,14.458361
-9.406229,-10.765522,-10.308037,10.686173
-10.556145,-10.695346,-10.409711,-0.413424
-11.290861,-11.514844,-8.634907,-19.299037
-10.038937,-9.721649,-7.367763,-0.165101
-11.172983,-9.214576,-10.643318,-5.296597
-10.348424,-9.218783,-10.567955,-8.960730
-10.166603,-10.285963,-9.890739,10.203267
-10.025656,-10.499624,-7.960551,-15.030519
-11.560328,-11.738557,-8.790942,-12.090501
-10.329548,-9.685809,-10.182967,4.339453
-11.753436,-9.395314,-9.131492,-8.999023
-10.922594,-10.346021,-11.388044,18.920611
-9.362814,-9.677874,-9.039293,-6.390464
-10.467558,-11.156943,-10.540792,13.869832
-9.155346,-10.254076,-10.426807,-7.344418
-11.960615,-10.849079,-8.764347,2.671782
-11.093321,-11.374892,-10.612290,17.099043
-10.571012,-11.223877,-9.963872,-15.557084
-9.136987,-9.931547,-9.852253,-19.508772
-9.904786,-10.659286,-9.977218,7.169034
-11.528650,-9.573303,-9.601014,7.277251
-9.714695,-9.562784,-10.021017,-13.500843
-9.447011,-8.681082,-7.890925,-11.800531
-11.846600,-9.559683,-8.799410,-14.844028
-10.736561,-10.908999,-7.986645,18.000606
-10.117153,-10.821617,-9.005506,-1.429759
-10.251370,-10.345325,-8.678316,-17.177763
-9.336942,-10.026736,-9.420872,7.790950
-10.659923,-9.826988,-11.142151,-8.161280
-9.768004,-9.721897,-11.502635,-6.710391
-10.045429,-12.375783,-10.661223,7.737617
-7.357305,-11.478458,-11.198988,-18.826510
-10.525171,-10.729288,-9.356691,8.632959
-10.634183,-8.687385,-10.072995,-8.291918
-8.503805,-10.663476,-8.811598,19.579419
-9.960638,-9.534259,-12.321078,7.765359
-9.501162,-10.463245,-9.678950,-11.785988
-7.787523,-9.233305,-9.779114,19.871161
-9.618026,-11.299680,-10.465044,-14.596228
-9.194037,-8.873428,-11.599160,10.831134
-10.686031,-10.596978,-10.291630,-8.508009
-9.392882,-9.191635,-9.691591,-3.851184
-9.592892,-8.953640,-10.368893,12.418503
-10.727819,-9.322001,-9.545616,-5.785977
-10.713037,-10.830990,-9.668829,18.153100
-11.642664,-8.628540,-10.777675,14.696365
-10.809422,-8.397489,-9.657791,-9.721151
-8.670482,-10.210344,-10.547950,17.608361
-10.976533,-12.605532,-11.179173,-8.512216
-9.646550,-10.701552,-9.384966,-5.864995
-8.425207,-10.361524,-10.249828,10.115915
-11.874597,-8.613646,-9.956125,-5.471438
-10.897492,-11.451879,-10.930287,18.479640
-9.728785,-8.418367,-10.041924,7.189184
-11.641179,-10.206909,-9.452819,13.155201
-9.706019,-9.553163,-9.331491,-17.169042
-9.722888,-11.157160,-10.030499,-11.949695
-10.241186,-11.094591,-9.175327,-6.078833
-11.495330,-12.348137,-8.004127,-19.346408
-10.437589,-9.414251,-11.657234,19.337636
-11.068738,-9.225255,-10.946858,-1.956508
-11.493000,-9.462474,-9.724436,8.301691
-10.419018,-10.275895,-10.571721,-6.271537
-11.962393,-10.237969,-10.218582,14.637174
-9.187054,-8.698014,-10.044122,19.149365
-10.013100,-10.068890,-10.679786,-3.309505
-9.671144,-10.492074,-10.228382,11.929543
-9.185326,-10.394641,-9.537008,-5.010641
-11.013583,-10.626336,-9.060558,-16.391000
-10.069627,-9.395547,-10.346571,-13.403617
-10.061855,-9.040626,-9.802037,11.432618
-10.244581,-11.225245,-10.178803,-2.958021
-11.545169,-8.755807,-9.570153,18.465714
-10.725104,-8.558097,-10.593544,3.027099
-9.916222,-11.433217,-10.949642,0.962996
-10.290625,-10.617174,-11.136359,6.301320
-8.256023,-11.374543,-10.361653,14.368779
-11.814869,-10.091340,-9.838185,-19.417010
-12.838677,-11.730663,-10.157498,11.874078
-9.417235,-9.509011,-10.412532,15.651217
-12.366377,-9.216347,-11.317555,-10.635615
-9.604800,-8.799143,-9.458037,8.873138
-8.354722,-10.973783,-9.902338,-2.877805
-9.974242,-9.571470,-9.779999,-0.888200
-10.785315,-9.560891,-8.100608,12.453243
-10.855199,-9.960606,-8.842730,6.416665
-11.151716,-11.867711,-11.177196,-6.945746
-7.588714,-13.197145,-9.949152,18.383659
-9.427497,-10.425021,-9.547164,-5.344388
-8.007354,-10.743744,-9.471509,-15.077478
-8.891695,-11.477915,-9.375171,-11.444752
-10.787760,-8.995142,-10.053864,-6.101591
-9.746328,-11.579768,-11.013664,11.522820
-7.788063,-9.941444,-10.308340,-9.530364
-10.892981,-9.045661,-9.218659,-1.407889
-8.972887,-9.500012,-8.675598,0.949124
-10.834273,-7.897828,-10.531744,13.228348
-9.632880,-9.681180,-8.859297,-9.520457
-11.359084,-9.364982,-8.235766,-19.364156
-10.134475,-11.770870,-8.984296,-1.026047
-10.679600,-8.534784,-10.758025,-1.648980
-9.154690,-10.799335,-8.618736,12.902597
-10.831432,-10.801496,-10.394772,4.311780
-8.925741,-9.303306,-9.621552,19.151014
-10.143482,-10.089023,-9.690272,-11.888580
-10.886404,-11.168188,-9.452337,-1.194422
-10.288558,-9.509241,-9.501106,17.532964
-10.876437,-7.705931,-9.439053,6.554544
-10.258793,-9.871875,-9.541545,-0.689196
-8.203899,-11.092371,-11.309216,-3.796306
-10.452868,-10.346555,-7.772323,8.709372
-11.360582,-10.990985,-10.487414,5.036986
-9.942236,-11.282540,-10.486903,9.334562
-9.180600,-11.894457,-10.708380,3.775877
-9.087619,-10.489848,-10.644480,-19.939189
-8.667298,-9.349718,-9.683893,4.382408
-9.741095,-9.100192,-9.059672,-6.295662
-9.422955,-10.092743,-11.632691,4.017301
-10.595167,-9.578013,-8.518588,17.582097
-9.445426,-11.047902,-12.510985,18.054389
-12.235758,-11.313706,-11.086488,-4.035392
-9.341177,-9.385434,-8.353973,-8.839591
-11.179318,-8.767009,-10.491615,2.128114
-10.806123,-9.091389,-9.659565,-8.428933
-10.554680,-9.884228,-9.390499,-5.424732
-11.228798,-9.854311,-9.707762,-12.896778
-9.662915,-10.263213,-8.229391,1.292559
-11.171964,-10.125808,-9.145307,5.259375
-8.746420,-9.887781,-8.957200,11.852855
-10.770527,-9.624912,-7.723216,-2.089637
-11.649332,-9.279869,-9.700477,3.286195
-9.038123,-9.574456,-10.015023,12.419419
-9.562224,-10.322806,-10.424100,-4.707568
-8.916341,-9.256780,-8.952128,3.039626
-9.422519,-9.712958,-10.919216,-9.857329
-8.381448,-8.779047,-9.109978,-10.011820
-11.165658,-9.734100,-11.195287,8.701531
-11.117028,-9.506459,-9.376276,-0.098102
-11.529591,-9.884346,-10.400756,4.933312
-10.476081,-10.955491,-10.067234,-1.076426
-10.344481,-9.529989,-10.371583,1.385395
-9.349851,-10.428348,-9.864118,18.183920
-10.007739,-9.869857,-9.025001,-9.406270
-9.497963,-9.175516,-9.883475,-0.410748
-11.432422,-11.329997,-8.157530,1.091463
-10.490902,-10.449720,-10.332592,13.958080
-10.929901,-10.261040,-9.202360,-18.774231
-9.944387,-11.283184,-12.084558,-12.786544
-10.659846,-8.849319,-9.306872,-3.254854
-10.733415,-11.651131,-9.420861,-18.502960
-10.332663,-9.913329,-12.339422,-5.339262
-10.403858,-10.389887,-10.902202,-8.663214
-9.965570,-10.510803,-12.795974,2.510273
-12.586460,-10.148983,-10.941636,-19.891561
-9.599574,-10.264506,-9.222858,11.572283
-11.177886,-10.277130,-9.548272,6.740531
-9.951159,-9.993056,-9.740592,-16.982963
-12.122128,-7.918813,-10.307228,7.495839
-9.651148,-9.188308,-9.544536,-17.542839
-10.331211,-10.436734,-10.325344,8.882611
-10.985976,-10.114598,-10.853721,-7.246709
-9.286788,-9.426811,-10.016301,-17.447698
-11.483892,-10.753316,-9.490977,10.824787
-8.570547,-9.866806,-10.371883,-8.294637
-11.029250,-10.249456,-8.591633,-9.358407
-11.666048,-10.590965,-8.908121,-11.626759
-11.669367,-9.700684,-9.291042,-17.270777
-10.406298,-10.290465,-10.124629,-16.804401
-9.936838,-9.925184,-10.143559,-2.230526
-10.280415,-10.126410,-9.556831,-17.143679
-7.819207,-10.404620,-9.182216,-8.556506
-11.037968,-9.797066,-8.865739,-12.304131
-10.217584,-9.249453,-9.530793,19.933123
-9.985985,-11.128082,-8.851843,-7.236440
-10.530456,-10.512049,-7.894475,9.445512
-10.868445,-11.358028,-10.589239,8.814375
-9.297843,-10.874155,-10.578543,-11.271542
-10.331152,-10.278014,-9.582479,-0.224938
-12.079478,-9.943706,-11.055110,17.555259
-11.189794,-9.356245,-10.442473,-19.842392
-9.511853,-7.921197,-11.879904,14.278745
-10.456003,-8.998764,-11.203369,-18.895552
-11.758841,-9.444049,-9.753585,1.348753
-10.005015,-10.096062,-10.359822,-17.203741
-10.782497,-9.429528,-11.107044,7.678895
-11.059898,-9.488753,-10.228223,9.034496
-10.011257,-8.277565,-9.841347,7.385221
-9.287602,-9.329543,-9.868560,17.755052
-10.868942,-10.237813,-10.695857,-6.412699
-8.820218,-10.422342,-11.717168,13.688759
-9.219882,-10.227980,-9.393310,18.027959
-9.494845,-9.505702,-8.770930,10.835954
-10.805469,-11.088001,-9.439666,13.426286
-10.633285,-8.988300,-9.764745,-17.148302
-11.024023,-10.360596,-10.546345,-10.149851
-11.135895,-10.886250,-7.946439,-9.882152
-10.796327,-8.355680,-10.978950,1.035164
-8.133564,-11.339777,-9.550272,-1.661575
-9.319129,-10.228646,-9.167440,5.281917
-10.858459,-10.964210,-8.940346,8.385575
-12.256691,-10.438072,-10.718847,15.961686
-9.603532,-10.090831,-10.853375,15.072214
-11.431212,-9.338427,-8.000526,-0.080123
-9.825223,-9.356946,-9.345814,-2.351705
-10.592263,-9.159404,-10.175389,17.076059
-11.896466,-9.981606,-9.114480,-3.504101
-9.381918,-9.327252,-11.173671,-15.477610
-11.291662,-8.500629,-10.423734,3.485680
-9.733935,-11.274521,-10.932486,-16.800238
-11.195714,-11.396410,-11.131632,18.171689
-10.770161,-9.772480,-9.361926,0.822601
-10.491619,-9.561670,-10.381251,-14.696558
-11.339281,-10.337419,-9.381113,-16.638943
-11.166387,-8.062680,-9.693777,-18.561641
-10.492297,-9.908310,-10.386109,-11.808665
-9.791571,-7.924588,-10.266654,-1.347582
-11.045553,-10.532493,-9.828935,5.987366
-11.141010,-10.086821,-8.753456,15.061676
-10.962419,-10.257394,-9.304362,-0.540678
-8.930220,-11.102014,-9.601325,16.474231
-11.430521,-9.188705,-9.532002,-19.518142
-9.109383,-8.413646,-9.300312,0.312112
-9.745318,-10.079488,-10.499983,10.890505
-8.619293,-10.509885,-9.931711,11.861972
